Formatted_Date,Vsw,Vsw-12h,Vsw-24h,Vsw-36h,Nsw,Nsw-12h,Nsw-24h,Nsw-36h,by,by-12h,by-24h,by-36h,bz,bz-12h,bz-24h,bz-36h,Kp,Kp-12h,Kp-24h,Kp-36h,131keV,131keV-12h,131keV-24h,131keV-36h,272keV,272keV-12h,272keV-24h,272keV-36h,380keV,380keV-12h,380keV-24h,380keV-36h,906keV,906keV-12h,906keV-24h,906keV-36h,2MeV,2MeV-12h,2MeV-24h,2MeV-36h,mlt,131keV-next,272keV-next,380keV-next,906keV-next,2MeV-next
2024-04-14-05-00,333.5,333.5,333.5,333.5,0.74,0.74,0.74,0.74,2.83,2.83,2.83,2.83,3.1,3.1,3.1,3.1,1.3330000000000002,1.3330000000000002,1.3330000000000002,1.3330000000000002,6.245263916414409,6.245263916414409,6.245263916414409,6.245263916414409,5.852029534054352,5.852029534054352,5.852029534054352,5.852029534054352,4.375806462358929,4.375806462358929,4.375806462358929,4.375806462358929,3.626070615159236,3.626070615159236,3.626070615159236,3.626070615159236,1.0526319849170451,1.0526319849170451,1.0526319849170451,1.0526319849170451,23.98,6.262575928556009,5.811169707720243,4.32542325756813,3.72848835901695,0.5824733219662767
2024-04-14-05-05,333.5,333.5,333.5,333.5,0.74,0.74,0.74,0.74,2.83,2.83,2.83,2.83,3.1,3.1,3.1,3.1,1.3330000000000002,1.3330000000000002,1.3330000000000002,1.3330000000000002,6.2409309328542495,6.24309742463433,6.24309742463433,6.24309742463433,5.82838968462099,5.840209609337671,5.840209609337671,5.840209609337671,4.343723651055158,4.359765056707044,4.359765056707044,4.359765056707044,3.567274297780129,3.5966724564696824,3.5966724564696824,3.5966724564696824,0.4889073454415541,0.7707696651792997,0.7707696651792997,0.7707696651792997,0.06,6.267412498982342,5.836105497279576,4.384751573164739,3.503339249150989,0.4895751709592385
2024-04-14-05-10,333.5,333.5,333.5,333.5,0.74,0.7399999999999999,0.7399999999999999,0.7399999999999999,2.83,2.83,2.83,2.83,3.1,3.1,3.1,3.1,1.3330000000000002,1.3330000000000002,1.3330000000000002,1.3330000000000002,6.23021207442493,6.238802307897863,6.238802307897863,6.238802307897863,5.857155161566301,5.845858126747215,5.845858126747215,5.845858126747215,4.315515757266438,4.345015290226842,4.345015290226842,4.345015290226842,3.5974875665231627,3.5969441598208425,3.5969441598208425,3.5969441598208425,0.33973149149348747,0.6270902739506955,0.6270902739506955,0.6270902739506955,0.14,6.265084670214012,5.848323418753428,4.32349679732679,3.560102011777394,0.45983990924744067
2024-04-14-05-15,333.5,333.5,333.5,333.5,0.74,0.74,0.74,0.74,2.83,2.83,2.83,2.83,3.1,3.1,3.1,3.1,1.3330000000000002,1.3330000000000002,1.3330000000000002,1.3330000000000002,6.220739174767191,6.234286524615193,6.234286524615193,6.234286524615193,5.826358051677892,5.840983107979884,5.840983107979884,5.840983107979884,4.310405509938289,4.336362845154704,4.336362845154704,4.336362845154704,3.616233319893519,3.601766449839012,3.601766449839012,3.601766449839012,0.6837337443909458,0.641251141560758,0.641251141560758,0.641251141560758,0.22,6.267918154527232,5.831042490505789,4.308660519895319,3.6074233046730333,0.6076234017806095
2024-04-14-05-20,333.5,333.5,333.5,333.5,0.74,0.74,0.74,0.74,2.83,2.83,2.83,2.83,3.1,3.1,3.1,3.1,1.3330000000000002,1.3330000000000002,1.3330000000000002,1.3330000000000002,6.214971093012997,6.230423438294755,6.230423438294755,6.230423438294755,5.86801607698635,5.8463897017811775,5.8463897017811775,5.8463897017811775,4.365393818089699,4.3421690397417025,4.3421690397417025,4.3421690397417025,3.5834337701868018,3.5980999139085696,3.5980999139085696,3.5980999139085696,0.47134627777394644,0.6072701688033958,0.6072701688033958,0.6072701688033958,0.31,6.250077486692563,5.845290910591366,4.364886203627118,3.6491523634895566,0.5112708351225397
2024-04-14-05-25,333.5,333.5,333.5,333.5,0.74,0.7400000000000001,0.7400000000000001,0.7400000000000001,2.83,2.83,2.83,2.83,3.1,3.1,3.1,3.1,1.3330000000000002,1.3330000000000002,1.3330000000000002,1.3330000000000002,6.201669545057234,6.225631122755168,6.225631122755168,6.225631122755168,5.820544901179995,5.842082235014313,5.842082235014313,5.842082235014313,4.364285291162487,4.345855081645166,4.345855081645166,4.345855081645166,3.6004168262893526,3.5984860659720335,3.5984860659720335,3.5984860659720335,0.25136289851644844,0.547952290422238,0.547952290422238,0.547952290422238,0.39,6.23626157730671,5.93107062088665,4.373074468103993,3.613332928066079,0.1955922138843269
2024-04-14-05-30,333.5,333.5,333.5,333.5,0.74,0.7400000000000001,0.7400000000000001,0.7400000000000001,2.83,2.8300000000000005,2.8300000000000005,2.8300000000000005,3.1,3.1000000000000005,3.1000000000000005,3.1000000000000005,1.3330000000000002,1.3330000000000002,1.3330000000000002,1.3330000000000002,6.201746359978786,6.222219013787113,6.222219013787113,6.222219013787113,5.842611134640059,5.842157792103704,5.842157792103704,5.842157792103704,4.351537047994645,4.346666791123664,4.346666791123664,4.346666791123664,3.610301152256338,3.6001739354412194,3.6001739354412194,3.6001739354412194,0.4441930872532871,0.5331295471123878,0.5331295471123878,0.5331295471123878,0.47,6.182357973960375,5.8237037925130135,4.395359389917572,3.6472114293741305,0.34905514173032914
2024-04-14-05-35,333.5,333.5,333.5,333.5,0.74,0.7400000000000001,0.7400000000000001,0.7400000000000001,2.83,2.83,2.83,2.83,3.1,3.1000000000000005,3.1000000000000005,3.1000000000000005,1.3330000000000002,1.3330000000000002,1.3330000000000002,1.3330000000000002,6.199133090905816,6.219333273426951,6.219333273426951,6.219333273426951,5.84804105069001,5.842893199426994,5.842893199426994,5.842893199426994,4.322090825215454,4.343594795385136,4.343594795385136,4.343594795385136,3.5904373057545387,3.5989568567303847,3.5989568567303847,3.5989568567303847,0.3901014515289636,0.5152510351644598,0.5152510351644598,0.5152510351644598,0.55,6.132923588638439,5.934988306701175,4.3257807216128095,3.507583097240512,0.5235418128402558
2024-04-14-05-40,333.5,333.5,333.5,333.5,0.74,0.7400000000000001,0.7400000000000001,0.7400000000000001,2.83,2.83,2.83,2.83,3.1,3.1000000000000005,3.1000000000000005,3.1000000000000005,1.3330000000000002,1.3330000000000002,1.3330000000000002,1.3330000000000002,6.197939933100605,6.216956235612914,6.216956235612914,6.216956235612914,5.844561210470341,5.843078533987364,5.843078533987364,5.843078533987364,4.333620496721997,4.342486539978122,4.342486539978122,4.342486539978122,3.5569270019543078,3.594286872866376,3.594286872866376,3.594286872866376,0.5959900819424233,0.5242220403620114,0.5242220403620114,0.5242220403620114,0.63,6.136588325584979,5.805915783870729,4.287211118537835,3.610301152256338,0.46172466427020376
2024-04-14-05-45,333.5,333.5,333.5,333.5,0.74,0.7400000000000001,0.7400000000000001,0.7400000000000001,2.83,2.83,2.83,2.83,3.1,3.1000000000000005,3.1000000000000005,3.1000000000000005,1.3330000000000002,1.3330000000000002,1.3330000000000002,1.3330000000000002,6.187705726568568,6.21403118470848,6.21403118470848,6.21403118470848,5.850847837854214,5.843855464374051,5.843855464374051,5.843855464374051,4.342341579806273,4.342472043960937,4.342472043960937,4.342472043960937,3.5722667791546705,3.592084863495205,3.592084863495205,3.592084863495205,0.4431211549085189,0.516111951816662,0.516111951816662,0.516111951816662,0.72,6.175018862549999,5.731367996016383,4.235153439014707,3.430065803863477,0.4605211120316687
2024-04-14-05-50,333.5,333.5,333.5,333.5,0.74,0.7400000000000001,0.7400000000000001,0.7400000000000001,2.83,2.83,2.83,2.83,3.1,3.100000000000001,3.100000000000001,3.100000000000001,1.3330000000000002,1.3330000000000002,1.3330000000000002,1.3330000000000002,6.195815950228996,6.212375254301254,6.212375254301254,6.212375254301254,5.857094903736624,5.845059049770648,5.845059049770648,5.845059049770648,4.351710264643066,4.343311882204767,4.343311882204767,4.343311882204767,3.5671698049582785,3.5898198581736667,3.5898198581736667,3.5898198581736667,1.0526319849170451,0.5648865002803333,0.5648865002803333,0.5648865002803333,0.8,6.192485728002875,5.76133698227091,4.293883717572722,3.4482287617190064,0.20590208949524458
2024-04-14-05-55,333.5,333.5,333.5,333.5,0.74,0.7400000000000001,0.7400000000000001,0.7400000000000001,2.83,2.83,2.83,2.83,3.1,3.100000000000001,3.100000000000001,3.100000000000001,1.3330000000000002,1.3330000000000002,1.3330000000000002,1.3330000000000002,6.197903814902837,6.211169301018053,6.211169301018053,6.211169301018053,5.847118931182161,5.845230706554941,5.845230706554941,5.845230706554941,4.371193329633494,4.3456353361571605,4.3456353361571605,4.3456353361571605,3.642344453265838,3.5941969077646805,3.5941969077646805,3.5941969077646805,0.2963186849436783,0.5425058490022786,0.5425058490022786,0.5425058490022786,0.88,6.178406655083872,5.80457025841917,4.314711413188759,3.5894590436565785,1.0526319849170451
2024-04-14-06-00,333.5,333.5,333.5,333.5,0.74,0.7400000000000001,0.7400000000000001,0.7400000000000001,2.83,2.83,2.8299999999999987,2.8299999999999987,3.1,3.100000000000001,3.100000000000001,3.100000000000001,1.3330000000000002,1.3330000000000002,1.3330000000000002,1.3330000000000002,6.230277749372778,6.209920453764582,6.212639181660723,6.212639181660723,5.7654128589290305,5.838012650294497,5.839090872122179,5.839090872122179,4.25927770299532,4.3359246062101935,4.338992441298558,4.338992441298558,3.507191731022634,3.5842903340866314,3.5875042018614467,3.5875042018614467,1.0526319849170451,0.5425058490022786,0.5817463209957222,0.5817463209957222,0.96,6.138027065236532,5.735690287926447,4.215042889957191,3.6062497248088077,0.21860106443466099
2024-04-14-06-05,333.5,333.5,333.5,333.5,0.74,0.7400000000000001,0.7400000000000001,0.7400000000000001,2.83,2.83,2.8299999999999987,2.8299999999999987,3.1,3.100000000000001,3.100000000000001,3.100000000000001,1.3330000000000002,1.3330000000000002,1.3330000000000002,1.3330000000000002,6.230277749372778,6.20903268847446,6.213899079354443,6.213899079354443,5.7654128589290305,5.832764581486835,5.833828156894096,5.833828156894096,4.25927770299532,4.328887443871873,4.3332985314197545,4.3332985314197545,3.507191731022634,3.579283453523507,3.581767596801532,3.581767596801532,1.0526319849170451,0.5894829022919029,0.6153810112758166,0.6153810112758166,1.05,6.103600319002494,5.630229375163005,4.1756131921877815,3.416098287852269,1.0526319849170451
2024-04-14-06-10,333.5,333.5,333.5,333.5,0.74,0.7400000000000001,0.7400000000000001,0.7400000000000001,2.83,2.83,2.8299999999999987,2.8299999999999987,3.1,3.100000000000001,3.100000000000001,3.100000000000001,1.3330000000000002,1.3330000000000002,1.3329999999999995,1.3329999999999995,6.230277749372778,6.209038161386781,6.214990990688998,6.214990990688998,5.7654128589290305,5.825119389600395,5.829267137029759,5.829267137029759,4.25927770299532,4.32420093934928,4.328363809524793,4.328363809524793,3.507191731022634,3.571758800565129,3.5767958724162714,3.5767958724162714,1.0526319849170451,0.6488912767438659,0.6445310761852319,0.6445310761852319,1.13,6.014911177341009,5.60619799091059,4.197453473217774,3.68378632981843,1.0526319849170451
2024-04-14-06-15,333.5,333.5,333.5,333.5,0.74,0.7400000000000001,0.7400000000000001,0.7400000000000001,2.83,2.83,2.8299999999999987,2.8299999999999987,3.1,3.100000000000001,3.100000000000001,3.100000000000001,1.3330000000000002,1.3330000000000002,1.3329999999999995,1.3329999999999995,6.230277749372778,6.209833042603913,6.2159464131067335,6.2159464131067335,5.7654128589290305,5.820040623537993,5.825276244648463,5.825276244648463,4.25927770299532,4.3199402887707,4.324045927866701,4.324045927866701,3.507191731022634,3.5626720014925555,3.572445613579169,3.572445613579169,1.0526319849170451,0.6796327967877076,0.6700373829809703,0.6700373829809703,1.21,5.993067193873932,5.527085807029529,4.1265079513446565,3.486091002345008,0.3191962954825809
2024-04-14-06-20,333.5,333.5,333.5,333.5,0.74,0.7400000000000001,0.7400000000000001,0.7400000000000001,2.83,2.83,2.8299999999999987,2.8299999999999987,3.1,3.100000000000001,3.100000000000001,3.100000000000001,1.3330000000000002,1.3330000000000002,1.3329999999999995,1.3329999999999995,6.230277749372778,6.211108597300562,6.21678943288709,6.21678943288709,5.7654128589290305,5.811490355366547,5.821754869017907,5.821754869017907,4.25927770299532,4.311097279179501,4.320236032286031,4.320236032286031,3.507191731022634,3.556318498228875,3.568607149899373,3.568607149899373,1.0526319849170451,0.728073272382966,0.6925429478007393,0.6925429478007393,1.29,5.959337711606343,5.589684976542458,4.196917731243944,3.781871354122875,0.4214481977415555
2024-04-14-06-25,333.5,333.5,333.5,333.5,0.74,0.7400000000000001,0.7400000000000001,0.7400000000000001,2.83,2.83,2.8299999999999987,2.8299999999999987,3.1,3.100000000000001,3.100000000000001,3.100000000000001,1.3330000000000002,1.3330000000000002,1.3329999999999995,1.3329999999999995,6.230277749372778,6.213492614326858,6.217538783802961,6.217538783802961,5.7654128589290305,5.8068960185123,5.818624757346302,5.818624757346302,4.25927770299532,4.302346646832238,4.316849458436547,4.316849458436547,3.507191731022634,3.548549740289981,3.5651951821839987,3.5651951821839987,1.0526319849170451,0.7948456962496825,0.7125478943072008,0.7125478943072008,1.37,6.033425513762438,5.763821005138463,4.29596371041436,3.803317043686037,0.3445770014305676
2024-04-14-06-30,333.5,333.5,333.5,333.5,0.74,0.7400000000000001,0.7400000000000001,0.7400000000000001,2.83,2.83,2.8299999999999987,2.8299999999999987,3.1,3.100000000000001,3.100000000000001,3.100000000000001,1.3330000000000002,1.3330000000000002,1.3329999999999995,1.3329999999999995,6.230277749372778,6.215870230109692,6.218209255675058,6.218209255675058,5.7654128589290305,5.800462828869715,5.815824131113814,5.815824131113814,4.25927770299532,4.294658368082294,4.313819366044903,4.313819366044903,3.507191731022634,3.5399572885205055,3.562142368964979,3.562142368964979,1.0526319849170451,0.8455489377216623,0.7304470569708769,0.7304470569708769,1.45,6.063833169204244,5.687105722710202,4.186600966916077,3.675533814501957,0.5156368200381753
2024-04-14-06-35,333.5,333.5,333.5,333.5,0.74,0.7400000000000001,0.7400000000000001,0.7400000000000001,2.83,2.83,2.8299999999999987,2.8299999999999987,3.1,3.100000000000001,3.100000000000001,3.100000000000001,1.3330000000000002,1.3330000000000002,1.3329999999999995,1.3329999999999995,6.230277749372778,6.218465618315273,6.218812680359944,6.218812680359944,5.7654128589290305,5.793577146222967,5.813303567504573,5.813303567504573,4.25927770299532,4.289423941230616,4.311092282892424,4.311092282892424,3.507191731022634,3.533020157292847,3.5593948370678623,3.5593948370678623,1.0526319849170451,0.9007598155040024,0.7465563033681852,0.7465563033681852,1.54,6.048980434575071,5.638128334341383,4.244140750275431,4.012911626476766,0.22565892837930512
2024-04-14-06-40,331.8,333.35833333333335,333.4190476190476,333.4190476190476,2.8,0.9116666666666666,0.8380952380952381,0.8380952380952381,4.46,2.9658333333333333,2.907619047619048,2.907619047619048,1.19,2.940833333333334,3.00904761904762,3.00904761904762,1.3330000000000002,1.3330000000000002,1.3329999999999995,1.3329999999999995,6.230277749372778,6.221160436337954,6.21935863602722,6.21935863602722,5.7654128589290305,5.786981450261191,5.811023057572405,5.811023057572405,4.25927770299532,4.28322870842006,4.3086249219449435,4.3086249219449435,3.507191731022634,3.5288755513818746,3.556908974875232,3.556908974875232,1.0526319849170451,0.9388133074185542,0.7611313358228929,0.7611313358228929,1.62,6.021981005204543,5.684463812343149,4.322062183791357,3.9277848816746657,0.33885887836505524
2024-04-14-06-45,334.5,333.44166666666666,333.4681818181818,333.4681818181818,2.36,1.0466666666666666,0.9072727272727272,0.9072727272727272,4.78,3.1283333333333334,2.992727272727272,2.992727272727272,-0.03,2.68,2.8709090909090915,2.8709090909090915,1.3330000000000002,1.3330000000000002,1.3329999999999993,1.3329999999999993,6.230277749372778,6.2247081049049715,6.219854959361109,6.219854959361109,5.7654128589290305,5.779861868684091,5.808949866724979,5.808949866724979,4.25927770299532,4.276306718685813,4.306381866538142,4.306381866538142,3.507191731022634,3.523452630704205,3.55464910015466,3.55464910015466,1.0526319849170451,0.9896058765859315,0.7743813653271724,0.7743813653271724,1.7,5.995650563984714,5.74208819765645,4.33495694059082,3.855738092352337,0.4439950794001213
2024-04-14-06-50,327.5,332.94166666666666,333.2086956521739,333.2086956521739,2.82,1.22,0.9904347826086956,0.9904347826086956,4.05,3.23,3.038695652173912,3.038695652173912,-0.46,2.3833333333333333,2.72608695652174,2.72608695652174,1.3330000000000002,1.3330000000000002,1.3329999999999993,1.3329999999999993,6.230277749372778,6.227579921500288,6.220308124144225,6.220308124144225,5.7654128589290305,5.772221698283458,5.807056953342546,5.807056953342546,4.25927770299532,4.268604005215168,4.304333859427584,4.304333859427584,3.507191731022634,3.518454457876235,3.5525857362793545,3.5525857362793545,1.0526319849170451,0.9896058765859315,0.7864792183528192,0.7864792183528192,1.78,5.97876005964015,5.7716574967830505,4.36276073733005,3.979302441655147,0.279099720882132
2024-04-14-06-55,327.5,332.44166666666666,332.97083333333336,332.97083333333336,2.82,1.393333333333333,1.0666666666666669,1.0666666666666669,4.05,3.3316666666666666,3.0808333333333318,3.0808333333333318,-0.46,2.0866666666666664,2.593333333333334,2.593333333333334,1.3330000000000002,1.3330000000000002,1.3329999999999993,1.3329999999999993,6.258267172432664,6.232610201294442,6.221889751156244,6.221889751156244,5.793865888134131,5.767783944696122,5.806507325625527,5.806507325625527,4.2774496471044685,4.260792031671082,4.30321368391412,4.30321368391412,3.4606054978020637,3.5033095449209206,3.5487532263428,3.5487532263428,0.37862553975277113,0.9964647811533558,0.7694853150778169,0.7694853150778169,1.86,6.018824252457097,5.876338792073446,4.351428794315535,3.9579929471376287,1.0526319849170451
2024-04-14-07-00,323.7,331.625,332.5625,332.6,2.16,1.5116666666666667,1.1258333333333337,1.1104,3.39,3.3783333333333334,3.1041666666666656,3.0931999999999986,-0.85,1.7574999999999996,2.4287500000000004,2.4556000000000004,1.3330000000000002,1.3330000000000002,1.3329999999999993,1.3329999999999993,6.262575928556009,6.235301716226376,6.222611084995476,6.2235171982522335,5.811169707720243,5.771597015428723,5.804804832861607,5.806693820909317,4.32542325756813,4.266304161218816,4.301114383714505,4.304102066860281,3.72848835901695,3.521750930587113,3.553020632336872,3.555942631649766,0.5824733219662767,0.9572848925741251,0.7498953707882019,0.7620048353533556,1.95,6.064008783593604,5.886465952520294,4.404213222059779,3.9673945972874565,0.7085843703733138
2024-04-14-07-05,323.9,330.825,332.1625,332.2653846153846,1.89,1.6075000000000002,1.1737500000000003,1.1403846153846156,4.5,3.5175,3.1737499999999987,3.147307692307692,-2.47,1.2933333333333332,2.1966666666666668,2.2661538461538457,1.3330000000000002,1.3330000000000002,1.3329999999999993,1.3329999999999993,6.267412498982342,6.238396278693839,6.223714483584146,6.225205479049546,5.836105497279576,5.777488068624602,5.805126325055715,5.80782503923125,4.384751573164739,4.276760317066267,4.30282388046907,4.3072039709489145,3.503339249150989,3.5214298904311425,3.5503566719773243,3.5539194246305827,0.4895751709592385,0.9103634914109746,0.7499231968514386,0.7515267713381972,2.03,6.08520978196065,5.906568095921583,4.434793610602834,3.9665627836287563,0.5074161661112225
2024-04-14-07-10,323.9,330.0249999999998,331.7625,331.9555555555555,1.89,1.7033333333333338,1.2216666666666671,1.1681481481481482,4.5,3.6566666666666654,3.2433333333333323,3.197407407407406,-2.47,0.8291666666666665,1.9645833333333336,2.090740740740741,1.3330000000000002,1.3330000000000002,1.3329999999999993,1.3329999999999993,6.265084670214012,6.24129685543061,6.225167508408692,6.226682486129711,5.848323418753428,5.784397281943302,5.8047583357718455,5.809324979213555,4.32349679732679,4.282111908260557,4.303156423804919,4.307807408962909,3.560102011777394,3.5258390804940394,3.5487989405295837,3.5541484093397235,0.45983990924744067,0.8609641517718409,0.7549277142578532,0.7407235542237247,2.11,6.107805197300767,5.929671049820519,4.446189314122176,3.921715587160784,0.4847472290883451
2024-04-14-07-15,329.9,329.7249999999999,331.6124999999999,331.8821428571428,1.74,1.7866666666666668,1.2633333333333336,1.1885714285714286,2.64,3.6408333333333336,3.2354166666666657,3.177499999999999,-1.46,0.44916666666666655,1.7745833333333338,1.9639285714285717,1.3330000000000002,1.3330000000000002,1.3329999999999993,1.3329999999999989,6.267918154527232,6.244433555860146,6.227133299232026,6.2281551885724795,5.831042490505789,5.789866417908032,5.804953520723009,5.8101006046168475,4.308660519895319,4.286227143002224,4.30308371588646,4.307837877210496,3.6074233046730333,3.534191711631572,3.548431856562064,3.556051084173057,0.6076234017806095,0.8238801031771379,0.7517564499824227,0.7359699773507562,2.19,6.142202899262784,5.946417088471749,4.442235892121336,3.9818128410801723,0.3374554080507013
2024-04-14-07-20,324.4,328.96666666666647,331.23333333333335,331.62413793103445,1.82,1.8766666666666671,1.3083333333333338,1.210344827586207,3.99,3.7375000000000007,3.2837499999999986,3.2055172413793085,-1.92,0.03083333333333323,1.565416666666667,1.8300000000000003,1.3330000000000002,1.3330000000000002,1.3329999999999993,1.3329999999999989,6.250077486692563,6.246083533970129,6.228596065635342,6.2289111298869635,5.845290910591366,5.796522922213226,5.804006638789884,5.811314063443556,4.364886203627118,4.295027851388206,4.303062565283853,4.309805060880035,3.6491523634895566,3.5460217643371497,3.551170131283012,3.559261473115005,0.5112708351225397,0.7787666740275958,0.7534199732052808,0.7282217310670248,2.27,6.1892551376884075,5.961153595072667,4.438272921723855,3.9599222581317024,0.2802710969692763
2024-04-14-07-25,324.4,328.2083333333332,330.85416666666663,331.38333333333327,1.82,1.9666666666666683,1.3533333333333335,1.2306666666666668,3.99,3.8341666666666683,3.332083333333332,3.231666666666665,-1.92,-0.3875000000000001,1.3562500000000002,1.7050000000000003,1.3330000000000002,1.3330000000000002,1.3329999999999993,1.3329999999999989,6.23626157730671,6.246582186297957,6.230037400312403,6.229156144800955,5.93107062088665,5.810327735709695,5.808611877110995,5.815305948691659,4.373074468103993,4.304510915147263,4.30342878098975,4.311914041120834,3.613332928066079,3.55486686409077,3.5517083021903755,3.561063854946708,0.1955922138843269,0.7073466931082025,0.7510961946789424,0.7104674138276014,2.36,6.243647844927217,6.006591586215622,4.527038629327682,3.996986727928972,0.3645951621239667
2024-04-14-07-30,332.9,328.1583333333332,330.82916666666665,331.43225806451613,1.27,2.010833333333334,1.375416666666667,1.2319354838709682,4.38,3.963333333333335,3.396666666666665,3.2687096774193534,-2.95,-0.8916666666666667,1.1041666666666667,1.5548387096774197,1.3330000000000002,1.3330000000000002,1.3329999999999993,1.3329999999999989,6.182357973960375,6.242588871680253,6.229229550894967,6.227646526386744,5.8237037925130135,5.81518531350836,5.807824071189035,5.815576846879445,4.395359389917572,4.315851055724117,4.3052547119032045,4.314605826565889,3.6472114293741305,3.566535172286728,3.5532462304036176,3.563842808960495,0.34905514173032914,0.6487152895093096,0.747132113615486,0.6988089534373667,2.44,6.290153683610807,6.005727296556569,4.4830008930803915,3.994193042262432,0.20295258536450134
2024-04-14-07-35,332.9,328.1083333333331,330.80416666666656,331.4781249999998,1.27,2.055000000000001,1.3975000000000002,1.2331250000000002,4.38,4.092500000000002,3.4612499999999984,3.3034374999999985,-2.95,-1.3958333333333337,0.8520833333333334,1.4140625000000002,1.3330000000000002,1.3330000000000002,1.3329999999999993,1.3329999999999989,6.132923588638439,6.234476024952395,6.226470821633827,6.224686434582109,5.934988306701175,5.829316600822706,5.811446873522833,5.819308454998874,4.3257807216128095,4.321392973942241,4.305408457586427,4.314955042036106,3.507583097240512,3.5665677861382177,3.549793971715533,3.562084692969246,0.5235418128402558,0.6046244418362436,0.752692128670123,0.6933318552937069,2.52,6.287465033332909,6.01833052462376,4.4919020708750725,4.034404539554725,0.4222150255733099
2024-04-14-07-40,297.5,325.24999999999983,329.30416666666656,330.4484848484848,101.68,10.295000000000002,5.6033333333333335,4.276969696969697,4.36,4.084166666666668,3.5249999999999986,3.3354545454545437,-2.92,-1.7383333333333335,0.6012500000000001,1.282727272727273,1.3330000000000002,1.3330000000000002,1.3329999999999993,1.3329999999999989,6.136588325584979,6.226668572970079,6.223914504654008,6.222016794915529,5.805915783870729,5.832691844567846,5.809836647414517,5.81890261647984,4.287211118537835,4.323720758570784,4.30347473349542,4.3141143170816125,3.610301152256338,3.575160237907693,3.5520178946447842,3.5635457977961273,0.46172466427020376,0.5553821651156735,0.747097736267114,0.6863134555657221,2.6,6.306647462450647,6.020543805191157,4.523894884811516,4.128417106359685,0.7777966196739521
2024-04-14-07-45,332.8,325.1083333333331,329.2749999999998,330.51764705882346,1.68,10.238333333333337,5.642500000000001,4.200588235294118,2.03,3.8550000000000018,3.4916666666666654,3.2970588235294103,-1.57,-1.866666666666667,0.4066666666666667,1.1988235294117648,1.3330000000000002,1.3330000000000002,1.3329999999999993,1.3329999999999989,6.175018862549999,6.222063665734847,6.223385885319901,6.2206345027871315,5.731367996016383,5.829854772658458,5.804858320671274,5.816328068819148,4.235153439014707,4.321710403239067,4.299008560962439,4.311791938314939,3.430065803863477,3.568733077311096,3.54609285400765,3.5596199156216377,0.4605211120316687,0.5060395923752253,0.7478227344805785,0.6796725042853088,2.68,6.317234701651557,6.017864123619267,4.56686517467962,4.0598747395679675,0.35481992985366384
2024-04-14-07-50,332.8,325.5499999999998,329.2458333333332,330.58285714285705,1.68,10.143333333333336,5.681666666666668,4.128571428571429,0.55,3.563333333333335,3.396666666666665,3.218571428571427,0.47,-1.7891666666666668,0.2970833333333334,1.1780000000000002,1.3330000000000002,1.3330000000000002,1.3329999999999993,1.3329999999999989,6.192485728002875,6.218914330620688,6.22324712606048,6.219830252079008,5.76133698227091,5.829515116270282,5.800868407276868,5.814756894917771,4.293883717572722,4.324594237787183,4.296599121501175,4.311280274865162,3.4482287617190064,3.5638194965357943,3.5411369772060146,3.5564373112244194,0.20590208949524458,0.4354787677567421,0.7125423221713368,0.6661362067198784,2.76,6.309504565716217,6.072906579182214,4.575535302234374,4.155140625345936,0.36151799959323916
2024-04-14-07-55,334.6,326.1416666666665,329.2916666666665,330.6944444444444,1.7,10.050000000000004,5.721666666666668,4.061111111111112,-2.23,3.0400000000000023,3.185833333333332,3.0672222222222207,-1.13,-1.845,0.12083333333333345,1.1138888888888892,1.3330000000000002,1.3330000000000002,1.3329999999999993,1.3329999999999989,6.178406655083872,6.212259287508287,6.222434744401355,6.218679596606922,5.80457025841917,5.830407147127369,5.799095545911745,5.814473932792809,4.314711413188759,4.327699384960875,4.294245708315977,4.311375584263039,3.5894590436565785,3.5745572920236706,3.538933418472295,3.557354581569758,1.0526319849170451,0.49164597152043155,0.744055376336894,0.6768722005586888,2.85,6.279981332766978,6.079723237177534,4.548618470705824,4.032493043332716,0.16738745929043808
2024-04-14-08-00,329.6,326.6333333333332,329.1291666666665,330.586111111111,1.47,9.992500000000003,5.752083333333332,4.081388888888889,-3.01,2.506666666666669,2.9424999999999986,2.9049999999999985,-2.17,-1.955,-0.0987499999999999,0.9675,1.3330000000000002,1.3330000000000002,1.3329999999999993,1.3329999999999989,6.138027065236532,6.201880215564996,6.218590965895679,6.215700795185315,5.735690287926447,5.824117195477887,5.7978571054533035,5.811242287067035,4.215042889957191,4.318501020993298,4.292402591106056,4.306909929474101,3.6062497248088077,3.5643707391729915,3.5430608348800527,3.556804001282245,0.21860106443466099,0.4613232833927967,0.7093040879834611,0.6537046749897335,2.93,6.2412481186934805,6.055020032518729,4.52056218801577,4.1052530020133595,0.5654122210392616
2024-04-14-08-05,334.1,327.48333333333323,329.15416666666647,330.60277777777765,2.04,10.005000000000004,5.806249999999999,4.1175,-2.09,1.9575000000000025,2.7374999999999985,2.768333333333332,0.1,-1.7408333333333337,-0.2237499999999999,0.8841666666666667,1.3330000000000002,1.3330000000000002,1.3329999999999993,1.3329999999999989,6.103600319002494,6.188229200566678,6.2133127396302505,6.2118860559116555,5.630229375163005,5.806960851968172,5.792224460296386,5.805737834026535,4.1756131921877815,4.301072822578551,4.288916569822409,4.302240194505564,3.416098287852269,3.5571006590647647,3.5392652747479545,3.5526046676731378,1.0526319849170451,0.5082446845559475,0.7093040879834611,0.6693636927529416,3.01,6.2330375441283845,6.027150150390442,4.537376046488558,4.007300392044803,0.36260018445587705
2024-04-14-08-10,334.1,328.3333333333332,329.17916666666656,330.6194444444444,2.04,10.017500000000004,5.860416666666665,4.15361111111111,-2.09,1.4083333333333357,2.5324999999999984,2.631666666666665,0.1,-1.5266666666666666,-0.3487499999999999,0.8008333333333333,1.3330000000000002,1.3330000000000002,1.3329999999999993,1.3329999999999989,6.014911177341009,6.167381409493926,6.204339132462261,6.205905475437101,5.60619799091059,5.786783732981269,5.7855905074622855,5.79876680150832,4.197453473217774,4.290569212236132,4.286340560248345,4.298960686615323,3.68378632981843,3.5674076855681847,3.546623383031113,3.555001855542451,1.0526319849170451,0.5576440241950811,0.7093040879834611,0.6891664842369293,3.09,6.218516433788663,5.9837166694366415,4.4691385244188355,4.05868288657493,0.287152684079127
2024-04-14-08-15,339.1,329.0999999999998,329.4124999999999,330.7749999999998,2.44,10.075833333333339,5.931249999999998,4.200833333333332,-2.0,1.0216666666666692,2.3312499999999985,2.4974999999999983,0.3,-1.38,-0.4654166666666665,0.7230555555555555,1.3330000000000002,1.3330000000000002,1.3329999999999993,1.3329999999999989,5.993067193873932,6.144477162772818,6.194455359316475,6.199581253745622,5.527085807029529,5.761454009358246,5.775660213633139,5.790453683601421,4.1265079513446565,4.275389831523578,4.280808487262901,4.293852421098833,3.486091002345008,3.557296660374182,3.545744186002878,3.5513867911661032,0.3191962954825809,0.5336084320035787,0.6787442675903583,0.6790404439894748,3.17,6.2045678684328,5.95301393084269,4.508304293424219,4.0627732025558245,0.16046987300628546
2024-04-14-08-20,338.6,330.2833333333332,329.62499999999994,330.91666666666663,2.0,10.09083333333334,5.983749999999998,4.235833333333332,-3.11,0.4300000000000022,2.0837499999999984,2.3324999999999982,0.93,-1.1424999999999998,-0.5558333333333332,0.6627777777777777,1.3330000000000002,1.3330000000000002,1.3329999999999993,1.3329999999999989,5.959337711606343,6.1202488481823,6.183166191076209,6.192480326484326,5.589684976542458,5.740153514854171,5.7683382185336995,5.782722264144646,4.196917731243944,4.261392458824979,4.278210155106593,4.289172529797562,3.781871354122875,3.5683565762602916,3.557189170298721,3.556898946275438,0.4214481977415555,0.5261232122218301,0.652444943124713,0.6776543862107971,3.25,6.196355018545606,6.009665990729358,4.497797763220166,4.1020931179471525,0.6653485199091668
2024-04-14-08-25,333.6,331.0499999999998,329.62916666666666,330.91944444444437,1.91,10.09833333333334,6.032499999999996,4.268333333333332,-3.1,-0.16083333333333116,1.836666666666665,2.1677777777777765,0.92,-0.9058333333333332,-0.6466666666666665,0.6022222222222221,1.3330000000000002,1.3330000000000002,1.3329999999999993,1.3329999999999989,6.033425513762438,6.103345842886943,6.174964014592444,6.187806881170582,5.763821005138463,5.726216046875156,5.768271891292426,5.781146600365714,4.29596371041436,4.254966562350844,4.279738738749052,4.287274708110113,3.803317043686037,3.584188585895288,3.569527724993029,3.5625350634253463,0.3445770014305676,0.5385386111840168,0.6229426521461099,0.6802436668473002,3.34,6.205501795550701,5.9925700633647345,4.53058128289998,4.132560813835399,1.0526319849170451
2024-04-14-08-30,337.7,331.4499999999999,329.8041666666666,331.0361111111111,1.47,10.115000000000009,6.062916666666663,4.288611111111108,-1.49,-0.6499999999999978,1.6566666666666652,2.0477777777777764,0.36,-0.63,-0.7608333333333333,0.5261111111111111,1.3330000000000002,1.3330000000000002,1.3329999999999993,1.3329999999999989,6.063833169204244,6.093468775823931,6.168028823752088,6.1839759592046235,5.687105722710202,5.714832874391588,5.765009093949975,5.776827005589886,4.186600966916077,4.237570027100719,4.276710541412418,4.282693150302375,3.675533814501957,3.5865487846559407,3.576541978471335,3.564347081821057,0.5156368200381753,0.5524204177096705,0.6005678536094903,0.682228214980214,3.42,6.211421544263381,6.038160513197538,4.536761370902608,4.086364023837464,0.15290598112678233
2024-04-14-08-35,340.6,332.09166666666647,330.1,331.23333333333335,1.59,10.141666666666676,6.098333333333329,4.31222222222222,-1.9,-1.1733333333333311,1.4595833333333317,1.916388888888888,1.22,-0.2825,-0.8391666666666667,0.4738888888888886,1.3330000000000002,1.3330000000000002,1.3329999999999993,1.3329999999999989,6.048980434575071,6.086473512985318,6.160474768968852,6.179805052084323,5.638128334341383,5.690094543361607,5.759705572092156,5.770996096802423,4.244140750275431,4.230766696155937,4.27607983504909,4.2805278704429295,4.012911626476766,3.6286594954256284,3.5976136407819235,3.576082479618898,0.22565892837930512,0.5275968440045915,0.5661106429204177,0.6776603671149456,3.5,6.21441899457275,6.045420357667625,4.533273934747702,4.137743724593453,0.34748887753555957
2024-04-14-08-40,340.6,335.6833333333332,330.46666666666664,331.4305555555556,1.59,1.8008333333333404,6.047916666666663,4.335833333333332,-1.9,-1.6949999999999978,1.194583333333332,1.7849999999999986,1.22,0.0625,-0.8379166666666668,0.4216666666666664,1.3330000000000002,1.3330000000000002,1.3329999999999993,1.3329999999999989,6.021981005204543,6.076922902953614,6.151795737961841,6.174917304087211,5.684463812343149,5.679973545734307,5.7563326951510785,5.7665489468544475,4.322062183791357,4.23367095159373,4.278695855082256,4.280206806194856,3.9277848816746657,3.6551164728771557,3.6151383553924257,3.5863840873889075,0.33885887836505524,0.5173580285124959,0.5363700968140848,0.6705178336822408,3.58,6.212732190597411,6.014716935403596,4.5164080096743895,4.141593232972583,0.37171424668215547
2024-04-14-08-45,340.6,336.3333333333332,330.7208333333333,331.62777777777785,1.59,1.7933333333333403,6.015833333333329,4.359444444444442,-1.9,-2.0224999999999977,0.9162499999999986,1.6536111111111098,1.22,0.295,-0.7858333333333335,0.3694444444444441,1.3330000000000002,1.3330000000000002,1.3329999999999993,1.3329999999999989,5.995650563984714,6.061975544739841,6.142019605237339,6.16958243845988,5.74208819765645,5.680866895870981,5.755360834264722,5.7635278457378405,4.33495694059082,4.241987910058406,4.281849156648737,4.280001677327761,3.855738092352337,3.690589163584561,3.629661120447829,3.5942582905332863,0.4439950794001213,0.5159808591265337,0.5110102257508796,0.6705421093625632,3.66,6.19577928181001,6.034825914553564,4.595951769741293,4.2724834200520005,0.26687213553210865
2024-04-14-08-50,339.5,336.8916666666665,331.2208333333333,331.7944444444445,1.61,1.7875000000000068,5.965416666666663,4.383611111111109,-2.7,-2.2933333333333312,0.6349999999999986,1.4999999999999991,1.8,0.4058333333333333,-0.6916666666666668,0.33333333333333315,1.3330000000000002,1.3330000000000002,1.3329999999999993,1.3329999999999989,5.97876005964015,6.044165072376282,6.131539701498479,6.163553108165745,5.7716574967830505,5.681726938746992,5.755621027508639,5.761154584433575,4.36276073733005,4.24772766170485,4.286160949746016,4.2803086349024,3.979302441655147,3.734845303579239,3.649332400057517,3.6057064193304225,0.279099720882132,0.5220806617421074,0.47877971474942493,0.64905510202826,3.74,6.185711862089688,6.072989589520447,4.655574286613975,4.216596574736407,0.20851507776732814
2024-04-14-08-55,339.5,337.2999999999998,331.7208333333333,331.9611111111111,1.61,1.7800000000000071,5.9149999999999965,4.407777777777776,-2.7,-2.332499999999998,0.3537499999999986,1.3463888888888875,1.8,0.65,-0.5975,0.29722222222222205,1.3330000000000002,1.3330000000000002,1.3329999999999993,1.3329999999999989,6.018824252457097,6.030866538824048,6.121562913166166,6.158578675875583,5.876338792073446,5.687707649884849,5.75905739850611,5.761966247236111,4.351428794315535,4.2507874434654145,4.289243414213145,4.279759620032457,3.9579929471376287,3.7655564622026594,3.6700568771131667,3.6144744330490823,1.0526319849170451,0.5220806617421074,0.5068633166312695,0.670063804805298,3.83,6.196095580097186,6.0517721902434785,4.620258886566887,4.318859247771322,0.30416280524800654
2024-04-14-09-00,339.5,338.1249999999999,332.37916666666666,332.12777777777785,1.61,1.7916666666666738,5.892083333333331,4.431944444444444,-0.7,-2.139999999999997,0.18333333333333202,1.2483333333333322,3.37,1.1116666666666666,-0.4216666666666665,0.3047222222222221,1.3330000000000002,1.3330000000000002,1.3329999999999993,1.3329999999999989,6.064008783593604,6.02469834868714,6.1132892821260665,6.153960093492831,5.886465952520294,5.700272288601003,5.762194742039447,5.7653288331692005,4.404213222059779,4.266551637807298,4.292526329400296,4.283785606673136,3.9673945972874565,3.7956518682425475,3.6800113037077704,3.627257846000883,0.7085843703733138,0.5629126039036622,0.5121179436482294,0.6605069266235277,3.91,6.185384409890405,6.105398849929573,4.644174453421907,4.477237653639637,0.14368809418152217
2024-04-14-09-05,378.5,341.8249999999998,334.65416666666664,333.37777777777785,50.46,5.826666666666673,7.915833333333333,5.813055555555554,-3.59,-2.264999999999997,-0.1537500000000014,1.0699999999999987,0.41,1.1375,-0.3016666666666666,0.22999999999999984,1.3330000000000002,1.3330000000000002,1.3329999999999993,1.3329999999999989,6.08520978196065,6.023165803933653,6.105697502250161,6.149930427731384,5.906568095921583,5.723300515330885,5.76513068364953,5.769249811974549,4.434793610602834,4.288150006008552,4.29461141429355,4.2886610485511225,3.9665627836287563,3.841523909557255,3.699312284311011,3.640018153017719,0.5074161661112225,0.5174779523365101,0.5128613184462287,0.6453620427678103,3.99,6.202577191201206,6.21033503811306,4.729861840664275,4.310682414918936,0.16387181010793772
2024-04-14-09-10,347.6,342.9499999999998,335.64166666666665,333.76944444444445,1.89,5.814166666666673,7.915833333333333,5.844999999999998,-2.89,-2.3316666666666643,-0.4616666666666681,0.91111111111111,1.89,1.2866666666666668,-0.11999999999999995,0.19638888888888875,1.3330000000000002,1.3330000000000002,1.3329999999999993,1.3329999999999989,6.107805197300767,6.030906972263631,6.099144190878775,6.14652841239605,5.929671049820519,5.750256603573377,5.768520168277326,5.773812539499312,4.446189314122176,4.308877992750586,4.2997236024933585,4.293853037749091,3.921715587160784,3.8613513476691175,3.714379516618652,3.6515327045771118,0.4847472290883451,0.47015422268411844,0.5138991234395999,0.6295874662170129,4.07,6.196655549799422,6.259172941682397,4.741620152490491,4.451052024656328,0.11591024909646919
2024-04-14-09-15,347.6,343.6583333333332,336.37916666666666,334.1611111111112,1.89,5.768333333333341,7.92208333333333,5.876944444444442,-2.89,-2.405833333333331,-0.6920833333333348,0.7522222222222209,1.89,1.419166666666667,0.019583333333333387,0.16277777777777766,1.3330000000000002,1.3330000000000002,1.3329999999999993,1.3329999999999989,6.142202899262784,6.043334947712703,6.093906055242755,6.1440818887818835,5.946417088471749,5.785200877026896,5.773327443192574,5.778840434764389,4.442235892121336,4.335188654481976,4.305289243002775,4.298935209669258,3.9818128410801723,3.9026615008970484,3.7299790806356166,3.664716624300933,0.3374554080507013,0.47167581539812864,0.5026421237008537,0.609721450192948,4.15,6.183616284117738,6.256180737431762,4.734319944761663,4.547640272307454,0.22289652868504373
2024-04-14-09-20,347.6,344.4083333333332,337.34583333333336,334.5527777777778,1.89,5.759166666666673,7.924999999999998,5.908888888888884,-2.89,-2.387499999999998,-0.9787500000000016,0.5933333333333322,1.89,1.4991666666666668,0.17833333333333334,0.12916666666666654,1.3330000000000002,1.3330000000000002,1.3329999999999993,1.3329999999999989,6.1892551376884075,6.062494733219541,6.091371790700919,6.142942371790651,5.961153595072667,5.8161565952377465,5.778155055045961,5.784277677435045,4.438272921723855,4.355301587021969,4.308347022923473,4.303907299078384,3.9599222581317024,3.917499076231117,3.7429278262457055,3.677292472276184,0.2802710969692763,0.45991105700043855,0.49301713461113406,0.5882669810832878,4.23,6.17544472923216,6.26505977027144,4.707994091365566,4.439567975372389,0.21734848558626507
2024-04-14-09-25,344.0,345.27499999999986,338.16250000000014,334.8444444444445,1.98,5.765000000000009,7.931666666666664,5.943333333333329,-0.98,-2.210833333333331,-1.1858333333333348,0.4874999999999987,0.44,1.4591666666666667,0.2766666666666667,0.05527777777777765,1.3330000000000002,1.3330000000000002,1.3329999999999993,1.3329999999999989,6.243647844927217,6.080013260816605,6.091679551851772,6.143313763333831,6.006591586215622,5.836387476994177,5.781301761934668,5.790977086526339,4.527038629327682,4.374557830264745,4.314762196307793,4.311345102587616,3.996986727928972,3.9336382165846944,3.758913401239993,3.690897888856915,0.3645951621239667,0.4615792370582218,0.5000589241211193,0.5691548471168134,4.32,6.184566871053635,6.190658131683262,4.722473035596751,4.529250254303019,0.052244389101517186
2024-04-14-09-30,344.0,345.79999999999984,338.62500000000006,335.1361111111112,1.98,5.807500000000008,7.961249999999996,5.9777777777777725,-0.98,-2.1683333333333312,-1.4091666666666682,0.3816666666666654,0.44,1.4658333333333335,0.4179166666666667,-0.018611111111111245,1.3330000000000002,1.3330000000000002,1.3329999999999993,1.3329999999999989,6.290153683610807,6.098873303683819,6.096171039753873,6.144976983729331,6.005727296556569,5.862939274814708,5.788886074603148,5.797652487571549,4.4830008930803915,4.39925782411177,4.318413925606245,4.3175596356455355,3.994193042262432,3.960193152231401,3.773370968443672,3.704425703058021,0.20295258536450134,0.4355222175020823,0.49397131760587654,0.5455526415736871,4.4,6.213881215322207,6.195580212913658,4.786789132497476,4.578769513584609,0.019197963504606008
2024-04-14-09-35,344.0,346.0833333333332,339.0875000000001,335.4277777777778,1.98,5.840000000000009,7.990833333333327,6.012222222222217,-0.98,-2.091666666666665,-1.6325000000000014,0.27583333333333204,0.44,1.4008333333333338,0.5591666666666667,-0.09250000000000014,1.3330000000000002,1.3330000000000002,1.3329999999999993,1.3329999999999989,6.287465033332909,6.118747020246973,6.102610266616143,6.1465655193948905,6.01833052462376,5.894622790671573,5.7923586670165905,5.804677978285291,4.4919020708750725,4.419904600828408,4.325335648492172,4.324021423642195,4.034404539554725,3.9619842283212314,3.795321861873431,3.719070503295023,0.4222150255733099,0.4519018922682495,0.48974936813642056,0.5280410593696946,4.48,6.255738941043406,6.275772774739282,4.814743538269294,4.552430387982322,0.09125458765162864
2024-04-14-09-40,344.0,346.3666666666664,341.0250000000001,335.76666666666665,1.98,5.8725000000000085,3.836666666666661,5.9894444444444375,-0.98,-2.0149999999999983,-1.8550000000000009,0.12472222222222093,0.44,1.335833333333334,0.6991666666666667,-0.11333333333333348,1.3330000000000002,1.3330000000000002,1.3329999999999993,1.3329999999999989,6.306647462450647,6.142469225017482,6.109696063985547,6.148686900313722,6.020543805191157,5.92262945674224,5.801301501238274,5.811764949014795,4.523894884811516,4.436723992580087,4.335197472086908,4.331371900914868,4.128417106359685,3.9787035803783155,3.8169100266277374,3.7363267637210527,0.7777966196739521,0.48848003737732393,0.5029190329449098,0.5204067436684977,4.56,6.261880407689425,6.32058671695045,4.820454171564297,4.5831349471506915,0.053064353313126755
2024-04-14-09-45,344.0,346.6499999999997,341.4916666666668,336.0305555555556,1.98,5.905000000000008,3.849166666666661,5.978888888888882,-0.98,-1.938333333333332,-1.9804166666666685,-0.03527777777777909,0.44,1.270833333333334,0.7829166666666668,-0.10027777777777794,1.3330000000000002,1.3330000000000002,1.3329999999999993,1.3329999999999989,6.317234701651557,6.169267903156385,6.115621723948111,6.151102371210353,6.017864123619267,5.945610783905807,5.813238839888396,5.818777484145077,4.56686517467962,4.456049678754154,4.3490187944062795,4.339915997350543,4.0598747395679675,3.9957149676462844,3.843152065615425,3.751679069513977,0.35481992985366384,0.4810487749151189,0.49851481702082645,0.5010230754722925,4.64,6.24963382497106,6.301459882338647,4.764831633140043,4.62243785222617,0.1002855216755334
2024-04-14-09-50,347.0,347.2749999999997,342.0833333333335,336.5722222222223,2.26,5.9591666666666745,3.873333333333328,5.963333333333327,-0.62,-1.7649999999999986,-2.029166666666669,-0.1650000000000013,0.65,1.1750000000000007,0.7904166666666668,-0.0694444444444446,1.3330000000000002,1.3330000000000002,1.3329999999999993,1.3329999999999989,6.309504565716217,6.196829945329391,6.120497508852834,6.153303116108782,6.072906579182214,5.970714874105737,5.826220906426366,5.827318976374335,4.575535302234374,4.4737808924961815,4.360754277100514,4.348700930662739,4.155140625345936,4.0103681496205175,3.87260672659988,3.7696776499118467,0.36151799959323916,0.4879169648077113,0.5049988132749093,0.48182546476885346,4.72,6.306549564820797,6.299315007510114,4.813262556545735,4.630918919043104,0.07300711651520198
2024-04-14-09-55,353.1,348.4083333333332,342.8541666666668,337.28333333333336,0.88,5.8983333333333405,3.8391666666666606,5.909444444444437,-0.21,-1.5574999999999986,-1.9450000000000007,-0.28333333333333466,0.03,1.0275000000000003,0.8387500000000001,-0.0558333333333335,1.3330000000000002,1.3330000000000002,1.3329999999999993,1.3329999999999989,6.279981332766978,6.218593035355214,6.124729787089629,6.15390628722918,6.079723237177534,5.987663577864411,5.837685613874631,5.835259458292206,4.548618470705824,4.490213365528706,4.370500404497059,4.356233397984999,4.032493043332716,4.016576490970108,3.891066476586385,3.785563415065476,0.16738745929043808,0.4141465876721607,0.46811362470713413,0.47595774031156635,4.81,6.347707989730933,6.289753818855488,4.84977954109514,4.643126912574313,-0.012490539125430855
2024-04-14-10-00,344.9,348.85833333333306,343.4916666666668,337.87222222222226,1.11,5.8566666666666745,3.824166666666661,5.880277777777772,1.07,-1.4099999999999986,-1.7750000000000012,-0.3477777777777791,0.65,0.8008333333333338,0.9562500000000002,-0.014166666666666838,1.3330000000000002,1.3330000000000002,1.3329999999999993,1.3329999999999989,6.2412481186934805,6.23336297994687,6.129030664317002,6.1533138480663325,6.055020032518729,6.001709751197614,5.850991019899309,5.842033078425496,4.52056218801577,4.4999091126917055,4.383230375249499,4.361653923830767,4.1052530020133595,4.028064691363934,3.9118582798032415,3.796029099593154,0.5654122210392616,0.4022155752276563,0.482564089565659,0.47548382084137153,4.89,6.3785247584794575,6.323308856808431,4.854600669278408,4.764104406079574,0.09128943141310564
2024-04-14-10-05,344.9,346.058333333333,343.9416666666668,338.45555555555563,1.11,1.7441666666666749,3.7854166666666607,5.858611111111107,-0.38,-1.1424999999999983,-1.7037500000000012,-0.4833333333333346,0.6,0.8166666666666672,0.9770833333333334,0.07111111111111096,1.3330000000000002,1.3330000000000002,1.3329999999999993,1.3329999999999989,6.2330375441283845,6.245681960127516,6.134423882030582,6.1523589882092775,6.027150150390442,6.0117582557366855,5.867529385533786,5.847339874345243,4.537376046488558,4.508457649015517,4.3983038275120325,4.365893492534206,4.007300392044803,4.03145949206527,3.9364917008112634,3.810028020229094,0.36260018445587705,0.39014757675637757,0.4538127645464438,0.4719567378829448,4.97,6.393905585932458,6.358729301068809,4.951421698552264,4.714677397890288,0.03741839123678736
2024-04-14-10-10,344.9,345.833333333333,344.3916666666667,339.03888888888895,1.11,1.679166666666675,3.746666666666661,5.8369444444444385,-0.38,-0.933333333333332,-1.6325000000000014,-0.6188888888888902,0.6,0.7091666666666671,0.9979166666666668,0.15638888888888874,1.3330000000000002,1.3330000000000002,1.3329999999999993,1.3329999999999989,6.218516433788663,6.254907896501507,6.142907434382568,6.151065426086353,5.9837166694366415,6.016262057371362,5.883259330472371,5.851100797975333,4.4691385244188355,4.510370083206904,4.409624037978743,4.369939096064541,4.05868288657493,4.042873433683116,3.952112390676117,3.82387748897347,0.287152684079127,0.3736813646722761,0.42191779367819726,0.46715987051715835,5.05,6.369905698934895,6.487421435538074,4.905133906540992,4.787719917908522,0.03774534630192283
2024-04-14-10-15,341.8,345.3499999999996,344.50416666666666,339.3694444444445,1.09,1.612500000000008,3.690416666666661,5.818888888888884,0.26,-0.6708333333333321,-1.5383333333333349,-0.6850000000000013,-0.42,0.5166666666666672,0.9679166666666666,0.1852777777777776,1.3330000000000002,1.3330000000000002,1.3329999999999993,1.3329999999999989,6.2045678684328,6.260104977265673,6.151719962489187,6.149305695917063,5.95301393084269,6.016811794235608,5.901006335631253,5.854488893540249,4.508304293424219,4.515875783315477,4.4255322188987245,4.375484756440343,4.0627732025558245,4.0496201304727535,3.976140815684901,3.836526097247992,0.16046987300628546,0.3589325700852415,0.41530419274168484,0.454738939162316,5.13,6.336188177927109,6.447411917367174,4.929888677816919,4.813804520180801,-0.004938102886433038
2024-04-14-10-20,341.8,344.8666666666664,344.6375,339.8527777777778,1.09,1.5458333333333414,3.6524999999999936,5.798611111111107,0.26,-0.4083333333333319,-1.3979166666666685,-0.7886111111111123,-0.42,0.3241666666666672,0.9116666666666666,0.2269444444444443,1.3330000000000002,1.3330000000000002,1.3329999999999993,1.3329999999999989,6.196355018545606,6.260696634003775,6.161595683611656,6.147813405135203,6.009665990729358,6.0208544938736654,5.918505544555707,5.859054867988525,4.497797763220166,4.5208361867735025,4.438068886897734,4.379176744206816,4.1020931179471525,4.06146770212404,3.98948338917758,3.849107784871814,0.6653485199091668,0.3910223553302319,0.42546670616533533,0.45901887485083337,5.21,6.280668815380492,6.440603653297702,4.8833218170780635,4.764458841606218,0.01725155354033525
2024-04-14-10-25,350.3,345.39166666666625,345.33333333333326,340.57222222222225,1.28,1.487500000000008,3.6262499999999935,5.783611111111107,-0.03,-0.3291666666666652,-1.2700000000000016,-0.9002777777777791,0.7,0.3458333333333338,0.9025,0.2997222222222221,1.3330000000000002,1.3330000000000002,1.3329999999999993,1.3329999999999989,6.205501795550701,6.257517796555732,6.168765528686166,6.1469589667530915,5.9925700633647345,6.019686033636091,5.9280367553151345,5.860763185835138,4.53058128289998,4.5211314079045275,4.447844619084635,4.3835519335067055,4.132560813835399,4.072765542616242,4.00320187960047,3.8635307816987394,1.0526319849170451,0.4483587572296551,0.4549689971439387,0.48282553515729776,5.3,6.242582223773304,6.406751041912134,4.904827724981394,4.843869143243494,0.12477539614073518
2024-04-14-10-30,353.5,346.1833333333329,345.99166666666656,341.14444444444445,1.28,1.429166666666675,3.618333333333328,5.7838888888888835,1.39,-0.13166666666666524,-1.1500000000000017,-0.9833333333333348,-1.33,0.1983333333333338,0.8320833333333333,0.34472222222222204,1.3330000000000002,1.3330000000000002,1.3329999999999993,1.3329999999999989,6.211421544263381,6.250956784943446,6.174915044313632,6.1477662881504,6.038160513197538,6.022388801689505,5.942664038252106,5.866720316965264,4.536761370902608,4.525611447723046,4.462434635917407,4.387479766311845,4.086364023837464,4.080446457747495,4.020319804989449,3.875729464878277,0.15290598112678233,0.44418820687651195,0.43985521218929724,0.4773769473627547,5.38,6.22837198392371,6.424176375142235,4.964809981889721,4.855165980716866,0.006200180812252265
2024-04-14-10-35,355.3,347.1249999999996,346.6041666666665,341.76666666666665,1.41,1.3816666666666748,3.6108333333333267,5.787777777777772,2.35,0.1458333333333348,-0.9729166666666684,-1.0397222222222235,-1.21,0.060833333333333815,0.7308333333333333,0.3930555555555553,1.3330000000000002,1.3330000000000002,1.3329999999999993,1.3329999999999989,6.21441899457275,6.244869615046765,6.181808317646869,6.150030049426352,6.045420357667625,6.024646287776494,5.959634539224034,5.869787873936555,4.533273934747702,4.529059103045764,4.474481851937084,4.393243466676704,4.137743724593453,4.089058056500723,4.025521142410978,3.8932339267491907,0.34748887753555957,0.4379610278733662,0.44493146007080775,0.47248658804873545,5.46,6.228212357481302,6.460658118859641,4.976539459195917,4.813004072701494,-0.0032669328492571648
2024-04-14-10-40,357.3,348.2333333333329,347.29999999999984,343.42777777777775,1.73,1.3608333333333416,3.616666666666661,3.0113888888888836,2.25,0.4150000000000015,-0.8000000000000017,-1.0983333333333347,-1.58,-0.10749999999999953,0.6141666666666666,0.4302777777777776,1.3330000000000002,1.3330000000000002,1.3329999999999993,1.3329999999999989,6.212732190597411,6.2370433423923295,6.189756283704906,6.1521451567878085,6.014716935403596,6.024160715294198,5.973395086018219,5.875587905923579,4.5164080096743895,4.528435196784338,4.482579594682211,4.399610046986053,4.141593232972583,4.0901560670517965,4.034429823715057,3.907992040102421,0.37171424668215547,0.40412083012404987,0.44630043375068706,0.4699862986712896,5.54,6.1997954801856565,6.47473777235636,4.955782812606428,4.859652916144996,0.033010846673435346
2024-04-14-10-45,353.5,349.02499999999964,347.83749999999986,344.0027777777778,1.59,1.3283333333333414,3.616666666666661,3.0088888888888836,0.89,0.5708333333333347,-0.6837500000000017,-1.1300000000000014,-2.52,-0.35416666666666624,0.4583333333333333,0.4038888888888887,1.3330000000000002,1.3330000000000002,1.3329999999999993,1.3329999999999989,6.19577928181001,6.226922057405533,6.19809498028096,6.152721835100586,6.034825914553564,6.0255741978720545,5.985592490888932,5.8840172925496095,4.595951769741293,4.530859079706143,4.4934543792301485,4.409632222839569,4.2724834200520005,4.107873457092133,4.0517942123692094,3.9313925294409904,0.26687213553210865,0.39679184726392025,0.4389203110895201,0.46460716043519057,5.62,6.227262045313575,6.476983169171926,4.925658667054802,4.83673679243504,0.060905860357530095
2024-04-14-10-50,350.0,349.27499999999964,348.27499999999986,344.4805555555557,1.03,1.2258333333333415,3.5924999999999936,2.9908333333333275,-4.02,0.2875000000000015,-0.7387500000000018,-1.2569444444444455,-3.16,-0.6716666666666663,0.2516666666666666,0.3030555555555553,1.3330000000000002,1.3330000000000002,1.3329999999999993,1.3329999999999989,6.185711862089688,6.216605998769992,6.20671797204969,6.152533672158553,6.072989589520447,6.025581115400241,5.99814799475299,5.892674309417654,4.655574286613975,4.53752899507111,4.505654943783644,4.419679183090715,4.216596574736407,4.112994786208007,4.061681467914261,3.952736079802585,0.20851507776732814,0.38404160377842755,0.43597928429306976,0.46467974344274854,5.71,6.268786709176533,6.491449741791203,4.9359019773785064,4.812308590843564,0.30693000069540566
2024-04-14-10-55,350.0,349.01666666666625,348.71249999999986,344.90833333333336,1.03,1.2383333333333415,3.5683333333333285,2.972222222222216,-4.02,-0.029999999999998483,-0.7937500000000018,-1.3066666666666678,-3.16,-0.9374999999999996,0.04499999999999992,0.24666666666666645,1.3330000000000002,1.3330000000000002,1.3329999999999993,1.3329999999999989,6.196095580097186,6.20961551938084,6.214104277368026,6.153025031186701,6.0517721902434785,6.023251861489067,6.005457719676743,5.899541029746109,4.620258886566887,4.543499029726198,4.516856197627451,4.428166612906775,4.318859247771322,4.13685863657789,4.0767175637739985,3.9729971965835507,0.30416280524800654,0.39543954927489167,0.4047930684735265,0.4438889328963864,5.79,6.307431606267819,6.4583605731583,4.961464671524422,4.873713318384105,0.008532735204157316
2024-04-14-11-00,349.7,349.4166666666664,349.1374999999999,345.4666666666667,1.66,1.2841666666666751,3.570416666666661,2.9774999999999934,-3.03,-0.3716666666666651,-0.8908333333333353,-1.3072222222222234,-0.15,-1.0041666666666662,-0.10166666666666677,0.30277777777777753,1.3330000000000002,1.3330000000000002,1.3329999999999993,1.3329999999999989,6.185384409890405,6.204960210313919,6.219161595130393,6.1543405129826425,6.105398849929573,6.027450096273306,6.014579923735462,5.9098107120239725,4.644174453421907,4.5538000518433766,4.526854582267539,4.440086934114128,4.477237653639637,4.1678573575467475,4.09796102445534,3.99719130571774,0.14368809418152217,0.36029587203674684,0.38125572363220184,0.44180801705602135,5.87,6.3351332704387335,6.453731630584002,4.996077682757558,4.9031127809179935,-0.008556692356251672
2024-04-14-11-05,349.7,349.8166666666663,347.93749999999983,345.90000000000015,1.66,1.330000000000008,1.5370833333333271,2.9669444444444384,-3.03,-0.5924999999999984,-0.8675000000000019,-1.3333333333333346,-0.15,-1.0666666666666662,-0.12500000000000008,0.2958333333333331,1.3330000000000002,1.3330000000000002,1.3329999999999993,1.3329999999999989,6.202577191201206,6.202421847569985,6.224051903848752,6.157089870543716,6.21033503811306,6.042715503583524,6.027236879660108,5.925924758217029,4.729861840664275,4.569840534691353,4.539149091853433,4.4554827299051425,4.310682414918936,4.193139192786258,4.112299342425764,4.022040864802925,0.16387181010793772,0.34373517417441857,0.36694137546539807,0.41712023442243507,5.95,6.3795941886118435,6.490665161211974,5.020532430837116,4.9095235892665405,0.051419881731834316
2024-04-14-11-10,356.8,350.808333333333,348.3208333333332,346.5305555555556,1.19,1.3366666666666749,1.5079166666666604,2.9433333333333267,-3.07,-0.8166666666666651,-0.8750000000000019,-1.3605555555555569,1.38,-1.0016666666666665,-0.1462500000000001,0.3313888888888886,1.3330000000000002,1.3330000000000002,1.3329999999999993,1.3329999999999989,6.196655549799422,6.200600107237548,6.227754001869528,6.1621383253342294,6.259172941682397,6.065670192937338,6.040966125154351,5.944062951294023,4.741620152490491,4.592547337030658,4.55145871011878,4.470598470996052,4.451052024656328,4.225836620959707,4.134355027321412,4.043353800770645,0.11591024909646919,0.32946497125919727,0.3515731679657368,0.3911001862051968,6.04,6.40230059026155,6.521980475034004,5.000692104095018,4.93609904138225,0.0948479351039937
2024-04-14-11-15,356.8,352.058333333333,348.7041666666664,347.02222222222224,1.19,1.3450000000000084,1.4787499999999936,2.9086111111111053,-3.07,-1.0941666666666652,-0.8825000000000021,-1.390277777777779,1.38,-0.8516666666666661,-0.1675000000000001,0.3613888888888887,1.3330000000000002,1.3330000000000002,1.3329999999999993,1.3329999999999989,6.183616284117738,6.198854141877961,6.229479559571818,6.167431355618779,6.256180737431762,6.090934093486427,6.05387294386102,5.964315588249641,4.734319944761663,4.611381974642111,4.563628878978793,4.487482137479856,4.547640272307454,4.266242210105677,4.157931170289215,4.072841280491825,0.22289652868504373,0.3346671925657605,0.3467998813255011,0.3884251926830431,6.12,6.4195955399338605,6.5587035622585095,5.006354017084803,4.967854292282064,0.016272301229587782
2024-04-14-11-20,356.8,353.308333333333,349.0874999999997,347.5277777777777,1.19,1.3533333333333415,1.4495833333333268,2.8861111111111044,-3.07,-1.371666666666665,-0.8900000000000019,-1.389166666666668,1.38,-0.7016666666666661,-0.18875000000000008,0.3738888888888886,1.3330000000000002,1.3330000000000002,1.3329999999999993,1.3329999999999989,6.17544472923216,6.197111617768506,6.228904125886141,6.1734343283306075,6.26505977027144,6.112216908448267,6.066535701160967,5.983075999186557,4.707994091365566,4.628898335320894,4.574867261047198,4.501678703038792,4.439567975372389,4.294365114891113,4.177916408507576,4.091110631082089,0.21734848558626507,0.29733385637218523,0.3441781058512088,0.3827557562342849,6.2,6.4191945338786205,6.563073267967108,5.001329826218231,4.9488474244376155,-0.04519557722849199
2024-04-14-11-25,358.1,353.95833333333303,349.67499999999967,348.20833333333326,1.17,1.3441666666666752,1.4158333333333268,2.8655555555555488,-2.64,-1.5891666666666648,-0.9591666666666686,-1.3763888888888902,1.03,-0.674166666666666,-0.16416666666666674,0.37694444444444414,1.3330000000000002,1.3330000000000002,1.3329999999999993,1.3329999999999989,6.184566871053635,6.195367040727085,6.226442418641408,6.177632699366473,6.190658131683262,6.128724247474811,6.074205140555453,5.994932586035023,4.722473035596751,4.644889314712293,4.58301036130841,4.513526184293857,4.529250254303019,4.327422568263414,4.200094055439829,4.111275442488116,0.052244389101517186,0.21396822338755794,0.3311634903086067,0.3746354058918113,6.28,6.4256791026532944,6.577260449756477,5.031704871896798,4.975536016734327,-0.0381280635713066
2024-04-14-11-30,350.1,353.67499999999967,349.9291666666664,348.5527777777777,1.25,1.341666666666675,1.3854166666666603,2.859444444444438,-3.66,-2.0099999999999985,-1.0708333333333353,-1.4366666666666683,0.1,-0.5549999999999994,-0.17833333333333345,0.369722222222222,1.3330000000000002,1.3330000000000002,1.3329999999999993,1.3329999999999989,6.213881215322207,6.195572013315321,6.223264399129382,6.181800700647528,6.195580212913658,6.141842555784488,6.082115678736999,6.009056877429563,4.786789132497476,4.665724961511865,4.595668204617454,4.53019807778223,4.578769513584609,4.368456359075678,4.2244514084115865,4.13636532301819,0.019197963504606008,0.20282588858570993,0.32350704773111105,0.3608454376547676,6.37,6.428863047614998,6.568442821187721,5.041260229495501,4.994450486793018,0.033819744901604
2024-04-14-11-35,350.1,353.2416666666664,350.1833333333331,348.81666666666666,1.25,1.3283333333333418,1.354999999999994,2.849999999999993,-3.66,-2.510833333333332,-1.182500000000002,-1.485555555555557,0.1,-0.4458333333333328,-0.1925000000000001,0.3386111111111108,1.3330000000000002,1.3330000000000002,1.3329999999999993,1.3329999999999989,6.255738941043406,6.1990153421878755,6.221942478617322,6.18754399249387,6.275772774739282,6.1610385905404605,6.092842439158479,6.0267692229961725,4.814743538269294,4.68918076180533,4.609119932425546,4.546048155226503,4.552430387982322,4.403013581024749,4.246035818762737,4.151351955282233,0.09125458765162864,0.1814730310953825,0.3097170294843745,0.35711198374566555,6.45,6.416774024886092,6.540833574648425,5.043927286938211,4.970409073928167,0.04193158966591004
2024-04-14-11-40,353.7,352.94166666666644,350.58749999999986,349.1805555555555,1.23,1.286666666666675,1.3237499999999938,2.8399999999999936,-3.9,-3.023333333333332,-1.3041666666666685,-1.5411111111111129,-1.49,-0.4383333333333328,-0.2729166666666668,0.26333333333333303,1.3330000000000002,1.3330000000000002,1.3329999999999993,1.3329999999999989,6.261880407689425,6.2031110269455425,6.220077184668936,6.194207864785119,6.32058671695045,6.186527739002697,6.105344227148449,6.044439303679709,4.820454171564297,4.714517941962822,4.62147656937358,4.559892377109085,4.5831349471506915,4.4398087238729245,4.264982395462362,4.169556123767679,0.053064353313126755,0.15491887331463028,0.27951985171934,0.3491732469386677,6.53,6.4060886934089005,6.5426754306413715,5.025966079996754,5.031353481402817,-0.07095222274442325
2024-04-14-11-45,357.7,353.2916666666664,351.1583333333332,349.6555555555555,1.23,1.256666666666675,1.2924999999999938,2.8299999999999934,-3.58,-3.395833333333332,-1.412500000000002,-1.5877777777777793,-2.18,-0.4099999999999995,-0.3820833333333335,0.16888888888888856,1.3330000000000002,1.3330000000000002,1.3329999999999993,1.3329999999999989,6.24963382497106,6.207598905542298,6.2172604814739145,6.2012629553680725,6.301459882338647,6.20874723631812,6.117160717095089,6.059977406031991,4.764831633140043,4.728591263912718,4.62972517180943,4.571833340791009,4.62243785222617,4.468971593220772,4.288422525156452,4.190853339319729,0.1002855216755334,0.14103665549324917,0.2689142513785845,0.3396257592240959,6.61,6.3926181928855375,6.556416818359137,5.018048350239041,5.015752761511649,-0.03982285580898548
2024-04-14-11-50,352.2,353.4749999999997,351.37499999999983,350.00833333333327,1.43,1.2900000000000085,1.2579166666666606,2.8249999999999935,-3.16,-3.3241666666666654,-1.5183333333333353,-1.6005555555555568,-1.8,-0.2966666666666662,-0.4841666666666669,0.06888888888888857,1.3330000000000002,1.3330000000000002,1.3329999999999993,1.3329999999999989,6.306549564820797,6.2176687141032225,6.217137356436604,6.21036821940087,6.299315007510114,6.22760768781726,6.1265944016087515,6.074634559107743,4.813262556545735,4.741731953073698,4.639630474072403,4.584347280213666,4.630918919043104,4.503498455246329,4.308246620727168,4.208953797024951,0.07300711651520198,0.12974432538890524,0.2568929645836664,0.33390096465834773,6.7,6.400072333881244,6.581470004215723,5.049829245001055,4.98494094329446,-0.07154834007474165
2024-04-14-11-55,350.9,353.54999999999967,351.2833333333332,350.325,1.87,1.3600000000000083,1.2991666666666606,2.832222222222216,-0.63,-3.0416666666666656,-1.5358333333333354,-1.543055555555557,-4.02,-0.3683333333333328,-0.6529166666666668,-0.09277777777777807,1.3330000000000002,1.3330000000000002,1.3329999999999993,1.3329999999999989,6.347707989730933,6.230303081572702,6.21995930047677,6.219503878769585,6.289753818855488,6.247439490201594,6.135345675845334,6.086118309851689,4.84977954109514,4.760858674284386,4.652178852005291,4.598190356513099,4.643126912574313,4.53052076064658,4.333689698612235,4.227985296064858,-0.012490539125430855,0.1033565466911186,0.24939804798300536,0.3043142278793902,6.78,6.414724908754319,6.571989626461983,5.042996932290263,5.01820804354468,-0.02259592225222895
