Formatted_Date,Kp,2MeV,131keV,272keV,380keV,906keV,Nsw,Vsw,by,bz,mlt,Kp-12h,Kp-24h,Kp-36h,2MeV-12h,2MeV-24h,2MeV-36h,131keV-12h,131keV-24h,131keV-36h,272keV-12h,272keV-24h,272keV-36h,380keV-12h,380keV-24h,380keV-36h,906keV-12h,906keV-24h,906keV-36h,Nsw-12h,Nsw-24h,Nsw-36h,Vsw-12h,Vsw-24h,Vsw-36h,by-12h,by-24h,by-36h,bz-12h,bz-24h,bz-36h,131keV-next,272keV-next,380keV-next,906keV-next,2MeV-next
2024-04-14-05-00,1.3330000000000002,0.6020599913279624,3.2216277397111712,2.2600784516679093,1.918807626428366,0.958988702361136,0.74,333.5,2.83,3.1,23.98,1.3330000000000002,1.3330000000000002,1.3330000000000002,0.6020599913279624,0.6020599913279624,0.6020599913279624,3.2216277397111712,3.2216277397111712,3.2216277397111712,2.2600784516679093,2.2600784516679093,2.2600784516679093,1.918807626428366,1.918807626428366,1.918807626428366,0.958988702361136,0.958988702361136,0.958988702361136,0.74,0.74,0.74,333.5,333.5,333.5,2.83,2.83,2.83,3.1,3.1,3.1,3.2323672013374747,2.24117061902834,1.88983511073498,0.9958561407548416,1.4312639824227924
2024-04-14-05-05,1.3330000000000002,1.5962833413729205,3.2189397846490384,2.249139141425724,1.900358626253685,0.9378237213031422,0.74,333.5,2.83,3.1,0.06,1.3330000000000002,1.3330000000000002,1.3330000000000002,1.0991716663504414,1.0991716663504414,1.0991716663504414,3.220283762180105,3.220283762180105,3.220283762180105,2.2546087965468167,2.2546087965468167,2.2546087965468167,1.9095831263410257,1.9095831263410257,1.9095831263410257,0.948406211832139,0.948406211832139,0.948406211832139,0.74,0.74,0.74,333.5,333.5,333.5,2.83,2.83,2.83,3.1,3.1,3.1,3.2353675551999634,2.252709623914658,1.9239514509285445,0.9148089449787578,1.5951055185904082
2024-04-14-05-10,1.3330000000000002,1.859380085549405,3.2122903687499567,2.2624503292764,1.88413787076851,0.9486996279781004,0.74,333.5,2.83,3.1,0.14,1.3330000000000002,1.3330000000000002,1.3330000000000002,1.3525744727500961,1.3525744727500961,1.3525744727500961,3.2176192977033886,3.2176192977033886,3.2176192977033886,2.257222640790012,2.257222640790012,2.257222640790012,1.9011013744835203,1.9011013744835203,1.9011013744835203,0.9485040172141262,0.9485040172141262,0.9485040172141262,0.7399999999999999,0.7399999999999999,0.7399999999999999,333.5,333.5,333.5,2.83,2.83,2.83,3.1,3.1,3.1,3.2339234926885934,2.2583634515286573,1.8887273130113797,0.9352419048874708,1.647548660939258
2024-04-14-05-15,1.3330000000000002,1.2526741721500074,3.2064138801285305,2.2481990058666783,1.881199258158878,0.9554475593569182,0.74,333.5,2.83,3.1,0.22,1.3330000000000002,1.3330000000000002,1.3330000000000002,1.327599397600074,1.327599397600074,1.327599397600074,3.2148179433096735,3.2148179433096735,3.2148179433096735,2.254966732059178,2.254966732059178,2.254966732059178,1.89612584540236,1.89612584540236,1.89612584540236,0.9502399027498242,0.9502399027498242,0.9502399027498242,0.74,0.74,0.74,333.5,333.5,333.5,2.83,2.83,2.83,3.1,3.1,3.1,3.2356812372997714,2.250366723973063,1.8801958136258303,0.9522762075856852,1.3869075806338458
2024-04-14-05-20,1.3330000000000002,1.6272552420212585,3.202835665640817,2.267476204065872,1.912819906894594,0.9436406660139676,0.74,333.5,2.83,3.1,0.31,1.3330000000000002,1.3330000000000002,1.3330000000000002,1.3875305664843107,1.3875305664843107,1.3875305664843107,3.2124214877759023,3.2124214877759023,3.2124214877759023,2.257468626460517,2.257468626460517,2.257468626460517,1.8994646577008063,1.8994646577008063,1.8994646577008063,0.9489200554026528,0.9489200554026528,0.9489200554026528,0.74,0.74,0.74,333.5,333.5,333.5,2.83,2.83,2.83,3.1,3.1,3.1,3.2246138254916645,2.2569601622357087,1.9125280066860944,0.9672974670588756,1.5568415606304415
2024-04-14-05-25,1.3330000000000002,2.01523298321614,3.194584085023098,2.2455089778713533,1.9121824561026373,0.949754077137996,0.74,333.5,2.83,3.1,0.39,1.3330000000000002,1.3330000000000002,1.3330000000000002,1.4921476359396155,1.4921476359396155,1.4921476359396155,3.2094485873171017,3.2094485873171017,3.2094485873171017,2.2554753516956563,2.2554753516956563,2.2554753516956563,1.9015842907677785,1.9015842907677785,1.9015842907677785,0.94905905902521,0.94905905902521,0.94905905902521,0.7400000000000001,0.7400000000000001,0.7400000000000001,333.5,333.5,333.5,2.83,2.83,2.83,3.1,3.1,3.1,3.216043162100936,2.2966546140151087,1.9172366119056887,0.9544035018236424,2.113593979039988
2024-04-14-05-30,1.3330000000000002,1.6751444669254196,3.194631736959545,2.255720099324414,1.9048516664719064,0.9533121498402944,0.74,333.5,2.83,3.1,0.47,1.3330000000000002,1.3330000000000002,1.3330000000000002,1.518290040366159,1.518290040366159,1.518290040366159,3.207331894408879,3.207331894408879,3.207331894408879,2.255510315642621,2.255510315642621,2.255510315642621,1.902051058725511,1.902051058725511,1.902051058725511,0.949666643427365,0.949666643427365,0.949666643427365,0.7400000000000001,0.7400000000000001,0.7400000000000001,333.5,333.5,333.5,2.8300000000000005,2.8300000000000005,2.8300000000000005,3.1000000000000005,3.1000000000000005,3.1000000000000005,3.1826042022086694,2.2469707508158323,1.9300514030578333,0.9665987866717533,1.8429362579712008
2024-04-14-05-35,1.3330000000000002,1.770544177197595,3.1930106022988936,2.2582327860666402,1.8879188184102669,0.9461617371326632,0.74,333.5,2.83,3.1,0.55,1.3330000000000002,1.3330000000000002,1.3330000000000002,1.5498218074700885,1.5498218074700885,1.5498218074700885,3.205541732895131,3.205541732895131,3.205541732895131,2.2558506244456242,2.2558506244456242,2.2558506244456242,1.9002845286861052,1.9002845286861052,1.9002845286861052,0.9492285301405272,0.9492285301405272,0.9492285301405272,0.7400000000000001,0.7400000000000001,0.7400000000000001,333.5,333.5,333.5,2.83,2.83,2.83,3.1000000000000005,3.1000000000000005,3.1000000000000005,3.1519377100734736,2.298467518140294,1.8900406679774635,0.9163366080779379,1.53519962462036
2024-04-14-05-40,1.3330000000000002,1.4074248995724457,3.1922704299631537,2.256622494433291,1.8945488767809064,0.9340989927841282,0.74,333.5,2.83,3.1,0.63,1.3330000000000002,1.3330000000000002,1.3330000000000002,1.5339999288147947,1.5339999288147947,1.5339999288147947,3.204067143680467,3.204067143680467,3.204067143680467,2.255936387777586,2.255936387777586,2.255936387777586,1.8996472340299724,1.8996472340299724,1.8996472340299724,0.9475474704342606,0.9475474704342606,0.9475474704342606,0.7400000000000001,0.7400000000000001,0.7400000000000001,333.5,333.5,333.5,2.83,2.83,2.83,3.1000000000000005,3.1000000000000005,3.1000000000000005,3.1542111200899376,2.2387393724529057,1.8678614827704625,0.9533121498402944,1.6442245780066953
2024-04-14-05-45,1.3330000000000002,1.6770350001613423,3.185921666605811,2.2595316232550737,1.8995638756792832,0.9396208708260154,0.74,333.5,2.83,3.1,0.72,1.3330000000000002,1.3330000000000002,1.3330000000000002,1.5483034359494496,1.5483034359494496,1.5483034359494496,3.2022525959730017,3.2022525959730017,3.2022525959730017,2.256295911325336,2.256295911325336,2.256295911325336,1.8996388981949035,1.8996388981949035,1.8996388981949035,0.946754810473436,0.946754810473436,0.946754810473436,0.7400000000000001,0.7400000000000001,0.7400000000000001,333.5,333.5,333.5,2.83,2.83,2.83,3.1000000000000005,3.1000000000000005,3.1000000000000005,3.1780514035669967,2.2042424784897654,1.837926071888848,0.8884326147816691,1.6463472450940588
2024-04-14-05-50,1.3330000000000002,0.6020599913279624,3.1909528227227013,2.262422445042399,1.9049512735152767,0.9377861068964286,0.74,333.5,2.83,3.1,0.8,1.3330000000000002,1.3330000000000002,1.3330000000000002,1.4622813046202234,1.4622813046202234,1.4622813046202234,3.2012253438593383,3.2012253438593383,3.2012253438593383,2.2568528689359777,2.2568528689359777,2.2568528689359777,1.9001218414058465,1.9001218414058465,1.9001218414058465,0.9459394737846172,0.9459394737846172,0.9459394737846172,0.7400000000000001,0.7400000000000001,0.7400000000000001,333.5,333.5,333.5,2.83,2.83,2.83,3.100000000000001,3.100000000000001,3.100000000000001,3.188886928041486,2.2181105887417445,1.87169851499294,0.8949707565583175,2.0954107769043304
2024-04-14-05-55,1.3330000000000002,1.935945881933548,3.192248024133274,2.2578060764378347,1.9161548761549705,0.9648468154304672,0.74,333.5,2.83,3.1,0.88,1.3330000000000002,1.3330000000000002,1.3330000000000002,1.5017533527296674,1.5017533527296674,1.5017533527296674,3.2004772338821663,3.2004772338821663,3.2004772338821663,2.256932302894466,2.256932302894466,2.256932302894466,1.90145792763494,1.90145792763494,1.90145792763494,0.947515085588438,0.947515085588438,0.947515085588438,0.7400000000000001,0.7400000000000001,0.7400000000000001,333.5,333.5,333.5,2.83,2.83,2.83,3.100000000000001,3.100000000000001,3.100000000000001,3.18015301183863,2.238116732262457,1.883675338233904,0.9458095909490924,0.6020599913279624
2024-04-14-06-00,1.3330000000000002,0.6020599913279624,3.2123311100327405,2.219996695478496,1.8517985641146173,0.9161957275099476,0.74,333.5,2.83,3.1,0.96,1.3330000000000002,1.3330000000000002,1.3330000000000002,1.5017533527296674,1.4325461710833822,1.4325461710833822,3.1997025147422966,3.2013890705091335,3.2013890705091335,2.253592156545348,2.254091102324007,2.254091102324007,1.8958738391087944,1.8976379765949152,1.8976379765949152,0.9439490043508392,0.945105904197785,0.945105904197785,0.7400000000000001,0.7400000000000001,0.7400000000000001,333.5,333.5,333.5,2.83,2.8299999999999987,2.8299999999999987,3.100000000000001,3.100000000000001,3.100000000000001,3.1551036384842,2.206242613570776,1.8263616388482984,0.9518537526309604,2.073013995706065
2024-04-14-06-05,1.3330000000000002,0.6020599913279624,3.2123311100327405,2.219996695478496,1.8517985641146173,0.9161957275099476,0.74,333.5,2.83,3.1,1.05,1.3330000000000002,1.3330000000000002,1.3330000000000002,1.4189014068925874,1.3732257296722812,1.3732257296722812,3.1991517918576053,3.20217064476082,3.20217064476082,2.2511636193830795,2.2516557875493275,2.2516557875493275,1.891827167263872,1.8943637328463223,1.8943637328463223,0.9421466715347396,0.9430408915772251,0.9430408915772251,0.7400000000000001,0.7400000000000001,0.7400000000000001,333.5,333.5,333.5,2.83,2.8299999999999987,2.8299999999999987,3.100000000000001,3.100000000000001,3.100000000000001,3.133747096155393,2.157440710394727,1.8036878620976315,0.8834047112499167,0.6020599913279624
2024-04-14-06-10,1.3330000000000002,0.6020599913279624,3.2123311100327405,2.219996695478496,1.8517985641146173,0.9161957275099476,0.74,333.5,2.83,3.1,1.13,1.3330000000000002,1.3329999999999995,1.3329999999999995,1.314124732374134,1.3218146804493265,1.3218146804493265,3.199155186964504,3.202848009112281,3.202848009112281,2.2476258165665874,2.249545181411272,2.249545181411272,1.8891322250427145,1.8915260549308757,1.8915260549308757,0.9394380131623934,0.94125121397274,0.94125121397274,0.7400000000000001,0.7400000000000001,0.7400000000000001,333.5,333.5,333.5,2.83,2.8299999999999987,2.8299999999999987,3.100000000000001,3.100000000000001,3.100000000000001,3.0787290182016185,2.146320217913276,1.8162469656226417,0.97976469755883,0.6020599913279624
2024-04-14-06-15,1.3330000000000002,0.6020599913279624,3.2123311100327405,2.219996695478496,1.8517985641146173,0.9161957275099476,0.74,333.5,2.83,3.1,1.21,1.3330000000000002,1.3329999999999995,1.3329999999999995,1.2599068839722969,1.276830012379241,1.276830012379241,3.1996482894565217,3.20344070291981,3.20344070291981,2.2452756240342393,2.2476984010404735,2.2476984010404735,1.8866821672056928,1.8890430867548595,1.8890430867548595,0.936167027175146,0.9396852460688154,0.9396852460688154,0.7400000000000001,0.7400000000000001,0.7400000000000001,333.5,333.5,333.5,2.83,2.8299999999999987,2.8299999999999987,3.100000000000001,3.100000000000001,3.100000000000001,3.0651781599714214,2.1097111554972368,1.7754502307904867,0.9086000728383756,1.895597362464584
2024-04-14-06-20,1.3330000000000002,0.6020599913279624,3.2123311100327405,2.219996695478496,1.8517985641146173,0.9161957275099476,0.74,333.5,2.83,3.1,1.29,1.3330000000000002,1.3329999999999995,1.3329999999999995,1.174473946414522,1.2371376581997542,1.2371376581997542,3.2004395764891824,3.2039636680441,3.2039636680441,2.2413189983186244,2.246068888948592,2.246068888948592,1.881597055307361,1.886852232481904,1.886852232481904,0.9338799489664776,0.9383035096829996,0.9383035096829996,0.7400000000000001,0.7400000000000001,0.7400000000000001,333.5,333.5,333.5,2.83,2.8299999999999987,2.8299999999999987,3.100000000000001,3.100000000000001,3.100000000000001,3.0442541635275084,2.138678841528208,1.8159388908820835,1.0150724816857,1.7152589105087204
2024-04-14-06-25,1.3330000000000002,0.6020599913279624,3.2123311100327405,2.219996695478496,1.8517985641146173,0.9161957275099476,0.74,333.5,2.83,3.1,1.37,1.3330000000000002,1.3329999999999995,1.3329999999999995,1.0567095304238403,1.2018555655957657,1.2018555655957657,3.2019184952399864,3.2044285259323577,3.2044285259323577,2.2391929747858863,2.2446204337558084,2.2446204337558084,1.87656506430836,1.884904806461499,1.884904806461499,0.9310834198308068,0.9370752995622744,0.9370752995622744,0.7400000000000001,0.7400000000000001,0.7400000000000001,333.5,333.5,333.5,2.83,2.8299999999999987,2.8299999999999987,3.100000000000001,3.100000000000001,3.100000000000001,3.0902143385623067,2.2192600671626392,1.8728946005833007,1.0227923123419858,1.8508342126445017
2024-04-14-06-30,1.3330000000000002,0.6020599913279624,3.2123311100327405,2.219996695478496,1.8517985641146173,0.9161957275099476,0.74,333.5,2.83,3.1,1.45,1.3330000000000002,1.3329999999999995,1.3329999999999995,0.9672858241240524,1.1702873774764075,1.1702873774764075,3.2033934429960866,3.2048444514113257,3.2048444514113257,2.236216024465393,2.2433244475306866,2.2433244475306866,1.872143972445252,1.8831623726537683,1.8831623726537683,0.9279903846366112,0.9359763747174152,0.9359763747174152,0.7400000000000001,0.7400000000000001,0.7400000000000001,333.5,333.5,333.5,2.83,2.8299999999999987,2.8299999999999987,3.100000000000001,3.100000000000001,3.100000000000001,3.1090776483897296,2.183760167843684,1.810006306449728,0.9767940296983286,1.5491414108674155
2024-04-14-06-35,1.3330000000000002,0.6020599913279624,3.2123311100327405,2.219996695478496,1.8517985641146173,0.9161957275099476,0.74,333.5,2.83,3.1,1.54,1.3330000000000002,1.3329999999999995,1.3329999999999995,0.8699121419682497,1.1418760081689854,1.1418760081689854,3.2050034853072407,3.2052187843423967,3.2052187843423967,2.233029683583048,2.2421580599280766,2.2421580599280766,1.8691339512539482,1.8815941822268107,1.8815941822268107,0.9254932171680516,0.9349873423570418,0.9349873423570418,0.7400000000000001,0.7400000000000001,0.7400000000000001,333.5,333.5,333.5,2.83,2.8299999999999987,2.8299999999999987,3.100000000000001,3.100000000000001,3.100000000000001,3.0998637931607136,2.16109594370263,1.843094163470633,1.0982403263055314,2.060566263881296
2024-04-14-06-40,1.3330000000000002,0.6020599913279624,3.2123311100327405,2.219996695478496,1.8517985641146173,0.9161957275099476,2.8,331.8,4.46,1.19,1.62,1.3330000000000002,1.3329999999999995,1.3329999999999995,0.8027983996145428,1.116170483557508,1.116170483557508,3.206675208646373,3.2055574665181266,3.2055574665181266,2.2299775336701484,2.241102756859049,2.241102756859049,1.8655714251984241,1.8801753432690875,1.8801753432690875,0.9240012783952032,0.9340925035547992,0.9340925035547992,0.9116666666666666,0.8380952380952381,0.8380952380952381,333.35833333333335,333.4190476190476,333.4190476190476,2.9658333333333333,2.9076190476190473,2.9076190476190473,2.940833333333334,3.00904761904762,3.00904761904762,3.083114767496614,2.1825376271833177,1.887902348356157,1.0675971496309091,1.8609190857759168
2024-04-14-06-45,1.3330000000000002,0.6020599913279624,3.2123311100327405,2.219996695478496,1.8517985641146173,0.9161957275099476,2.36,334.5,4.78,-0.03,1.7,1.3330000000000002,1.3329999999999993,1.3329999999999993,0.7132171488784277,1.0928018248198017,1.0928018248198017,3.2088759955986177,3.2058653594051547,3.2058653594051547,2.2266829563554333,2.24014339043266,2.24014339043266,1.8615909825680348,1.8788854896711569,1.8788854896711569,0.9220491831188644,0.9332790137345788,0.9332790137345788,1.0466666666666666,0.9072727272727272,0.9072727272727272,333.44166666666666,333.4681818181818,333.4681818181818,3.1283333333333334,2.992727272727272,2.992727272727272,2.68,2.8709090909090915,2.8709090909090915,3.06678074688878,2.2092032381566176,1.895317389643945,1.0416623802564209,1.6754936871250066
2024-04-14-06-50,1.3330000000000002,0.6020599913279624,3.2123311100327405,2.219996695478496,1.8517985641146173,0.9161957275099476,2.82,327.5,4.05,-0.46,1.78,1.3330000000000002,1.3329999999999993,1.3329999999999993,0.7132171488784277,1.0714652233636346,1.0714652233636346,3.210657519541121,3.2061464789976584,3.2061464789976584,2.223147477225108,2.2392674471737832,2.2392674471737832,1.85716159011798,1.8777077972556548,1.8777077972556548,0.9202499848366577,0.9325362621595948,0.9325362621595948,1.22,0.9904347826086956,0.9904347826086956,332.94166666666666,333.2086956521739,333.2086956521739,3.23,3.038695652173912,3.038695652173912,2.3833333333333333,2.72608695652174,2.72608695652174,3.0563027665261475,2.222886393698774,1.9113057718976711,1.0861419876368419,1.9663144252519718
2024-04-14-06-55,1.3330000000000002,1.7907838805065763,3.229694275702645,2.2331632985349983,1.8622482157012468,0.8994260251267329,2.82,327.5,4.05,-0.46,1.86,1.3330000000000002,1.3329999999999993,1.3329999999999993,0.7011203154261801,1.1014368340779241,1.1014368340779241,3.213778040505236,3.207127637193699,3.207127637193699,2.2210939123998714,2.2390131076471667,2.2390131076471667,1.8526693684135032,1.877063648024221,1.877063648024221,0.9147982523113464,0.931156668949892,0.931156668949892,1.393333333333333,1.0666666666666669,1.0666666666666669,332.44166666666666,332.97083333333336,332.97083333333336,3.3316666666666666,3.0808333333333318,3.0808333333333318,2.0866666666666664,2.593333333333334,2.593333333333334,3.0811564841545267,2.2713275298812796,1.9047894159376282,1.0784711832748843,0.6020599913279624
2024-04-14-07-00,1.3330000000000002,1.4312639824227924,3.2323672013374747,2.24117061902834,1.88983511073498,0.9958561407548416,2.16,323.7,3.39,-0.85,1.95,1.3330000000000002,1.3329999999999993,1.3329999999999993,0.7702206480174159,1.1359870003735415,1.1146299200117185,3.21544771478063,3.207575114761461,3.20813721975945,2.222858406029025,2.238225281287185,2.239099408102414,1.8558390806318663,1.8758564598703305,1.8775745065326517,0.9214366200817542,0.9326928122162966,0.9337446478220902,1.5116666666666667,1.1258333333333337,1.1104,331.625,332.5625,332.6,3.3783333333333334,3.1041666666666656,3.0931999999999986,1.7574999999999996,2.4287500000000004,2.4556000000000004,3.109186590318613,2.2760138604906497,1.935142738389752,1.0818555065829576,1.2088459076308398
2024-04-14-07-05,1.3330000000000002,1.5951055185904082,3.2353675551999634,2.252709623914658,1.9239514509285445,0.9148089449787578,1.89,323.9,4.5,-2.47,2.03,1.3330000000000002,1.3329999999999993,1.3329999999999993,0.852974441955953,1.1359379244242704,1.1331097507262835,3.2173674185445647,3.2082596052010834,3.2091845403533155,2.225584483398705,2.238374051390891,2.2396228779413465,1.8618518211996935,1.8768394942317828,1.8793582351632632,0.9213210548708216,0.9317338632027806,0.9330163515588852,1.6075000000000002,1.1737500000000003,1.1403846153846156,330.825,332.1625,332.2653846153846,3.5175,3.1737499999999987,3.1473076923076917,1.2933333333333332,2.1966666666666668,2.266153846153846,3.122338574417277,2.2853161017684327,1.9527277806801804,1.0815560776201425,1.5636399186750924
2024-04-14-07-10,1.3330000000000002,1.647548660939258,3.2339234926885934,2.2583634515286573,1.8887273130113797,0.9352419048874708,1.89,323.9,4.5,-2.47,2.11,1.3330000000000002,1.3329999999999993,1.3329999999999993,0.9400984977568942,1.1271116150655145,1.1521630436971344,3.2191667837658864,3.2091609853651937,3.2101007978472147,2.228781713069552,2.2382037648180684,2.2403169732593957,1.8649292169410907,1.8770307209919024,1.8797052380465264,0.9229082363189486,0.9311731247406708,0.9330987794599438,1.7033333333333338,1.2216666666666671,1.1681481481481482,330.02499999999986,331.7625,331.9555555555555,3.6566666666666663,3.2433333333333323,3.197407407407406,0.8291666666666665,1.9645833333333336,2.090740740740741,3.1363555814520887,2.2960069642852936,1.9592808016803769,1.0654123783876113,1.6036204072515958
2024-04-14-07-15,1.3330000000000002,1.3869075806338458,3.2356812372997714,2.250366723973063,1.8801958136258303,0.9522762075856852,1.74,329.9,2.64,-1.46,2.19,1.3330000000000002,1.3329999999999993,1.3329999999999989,1.0055024635323846,1.1327046737523407,1.16054677715916,3.221112627704805,3.2103804585806612,3.2110143849705204,2.2313125487774323,2.2382940864058347,2.2406758929277406,1.8672956544003585,1.8769889108030249,1.8797227586029304,0.9259149429919268,0.9310409850835364,0.9337836876072918,1.7866666666666668,1.2633333333333336,1.1885714285714286,329.7249999999999,331.6124999999999,331.8821428571428,3.6408333333333336,3.2354166666666657,3.177499999999999,0.44916666666666655,1.7745833333333338,1.9639285714285717,3.1576941062424217,2.303756172360828,1.9570074135257824,1.0870456591361313,1.8633943420622552
2024-04-14-07-20,1.3330000000000002,1.5568415606304415,3.2246138254916645,2.2569601622357087,1.9125280066860944,0.9672974670588756,1.82,324.4,3.99,-1.92,2.27,1.3330000000000002,1.3329999999999993,1.3329999999999989,1.0850675943075911,1.1297707703610569,1.1742121145202384,3.2221361873263823,3.2112878819077797,3.2114833311953865,2.234392837673867,2.2378559179962445,2.2412374194556017,1.8723564412813147,1.8769767482943376,1.880853974054074,0.9301734212876708,0.9320266851270742,0.9349393351745878,1.8766666666666671,1.3083333333333338,1.210344827586207,328.96666666666647,331.23333333333335,331.62413793103445,3.7375000000000007,3.2837499999999986,3.2055172413793085,0.03083333333333323,1.565416666666667,1.8300000000000003,3.1868828397570765,2.3105754720373284,1.954728534631314,1.0791656796730391,1.964248506227026
2024-04-14-07-25,1.3330000000000002,2.113593979039988,3.216043162100936,2.2966546140151087,1.9172366119056887,0.9544035018236424,1.82,324.4,3.99,-1.92,2.36,1.3330000000000002,1.3329999999999993,1.3329999999999989,1.21102875995026,1.1338691451870504,1.2055248433375636,3.222445524998732,3.2121820101193563,3.211635325558905,2.240780997551918,2.2399869861689012,2.243084659274252,1.877809611930571,1.8771873381194648,1.882066728649128,0.9333574024804788,0.9322204111556428,0.9355881407295564,1.9666666666666677,1.3533333333333335,1.2306666666666668,328.2083333333332,330.85416666666663,331.38333333333327,3.8341666666666683,3.332083333333332,3.231666666666665,-0.3875000000000001,1.3562500000000002,1.7050000000000003,3.2206252139747,2.3316018446162063,2.0057726448117776,1.0925078214287156,1.8155288145961788
2024-04-14-07-30,1.3330000000000002,1.8429362579712008,3.1826042022086694,2.2469707508158323,1.9300514030578333,0.9665987866717533,1.27,332.9,4.38,-2.95,2.44,1.3330000000000002,1.3329999999999993,1.3329999999999989,1.3144351155038632,1.1408604698139575,1.2260865018741327,3.2199682826800586,3.2116808628380684,3.2106988377088976,2.243028835496696,2.2396224299810434,2.243210017065916,1.8843306818425056,1.8782373271438784,1.8836146213719889,0.9375576574106292,0.9327740210236204,0.9365884841470464,2.010833333333334,1.375416666666667,1.2319354838709682,328.1583333333332,330.82916666666665,331.43225806451613,3.963333333333335,3.396666666666665,3.2687096774193534,-0.8916666666666667,1.1041666666666667,1.5548387096774197,3.249474989833007,2.331201895676339,1.980449047199765,1.0915021750404723,2.1006127242248653
2024-04-14-07-35,1.3330000000000002,1.53519962462036,3.1519377100734736,2.298467518140294,1.8900406679774635,0.9163366080779379,1.27,332.9,4.38,-2.95,2.52,1.3330000000000002,1.3329999999999993,1.3329999999999989,1.3921967516115632,1.1310544467899064,1.2357462869599525,3.2149354993501205,3.209969492328676,3.2088625524702903,2.2495680707185124,2.2412988771507787,2.2449368139744905,1.887517523831076,1.8783257375425115,1.8838154353284104,0.9375693974579616,0.9315313073130068,0.9359556130198868,2.055000000000001,1.3975000000000002,1.2331250000000002,328.1083333333331,330.80416666666656,331.47812499999986,4.092500000000002,3.4612499999999984,3.3034374999999985,-1.3958333333333337,0.8520833333333334,1.4140625000000002,3.2478070926382805,2.3370340234260807,1.985567608323791,1.1059771560672156,1.7139064804703528
2024-04-14-07-40,1.3330000000000002,1.6442245780066953,3.1542111200899376,2.2387393724529057,1.8678614827704625,0.9533121498402944,101.68,297.5,4.36,-2.92,2.6,1.3330000000000002,1.3329999999999993,1.3329999999999989,1.4790438005014577,1.140921100058,1.2481244169916716,3.2100921668548867,3.2083836877506253,3.207206448458765,2.2511299604663795,2.2405537470682635,2.244749012716261,1.8888561003857296,1.877213762792076,1.8833319822205936,0.9406624326521572,0.9323318555236804,0.9364815686811112,10.295000000000002,5.6033333333333335,4.276969696969697,325.24999999999983,329.30416666666656,330.4484848484848,4.084166666666668,3.5249999999999986,3.3354545454545437,-1.7383333333333335,0.6012500000000001,1.282727272727273,3.2597068625624352,2.3380582161921133,2.0039648561308314,1.139818972771665,1.0867784485468217
2024-04-14-07-45,1.3330000000000002,1.6463472450940588,3.1780514035669967,2.2042424784897654,1.837926071888848,0.8884326147816691,1.68,332.8,2.03,-1.57,2.68,1.3330000000000002,1.3329999999999993,1.3329999999999989,1.5660677383152992,1.1396424435968633,1.25983685311233,3.207235524649408,3.208055760124008,3.2063489471384186,2.249817109050652,2.238250032703042,2.2435576440625398,1.887700059366916,1.8746455209674748,1.88199651426966,0.9383488399248008,0.9301990115218324,0.9350683641546572,10.238333333333337,5.642500000000001,4.200588235294118,325.1083333333331,329.2749999999998,330.51764705882346,3.8550000000000018,3.4916666666666654,3.2970588235294103,-1.866666666666667,0.4066666666666667,1.1988235294117648,3.266274628816102,2.3368181969547743,2.028674626037734,1.1151456945889011,1.8327690831505048
2024-04-14-07-50,1.3330000000000002,2.0954107769043304,3.188886928041486,2.2181105887417445,1.87169851499294,0.8949707565583175,1.68,332.8,0.55,0.47,2.76,1.3330000000000002,1.3329999999999993,1.3329999999999989,1.6905136371133296,1.2018653929958785,1.2837103937921015,3.2052818428168033,3.207969681178957,3.2058500323070773,2.249659933489256,2.236403705357181,2.242830585339089,1.889358388606776,1.8732599893623776,1.8817022857188967,0.9365800923454982,0.9284150385910781,0.9339227182233332,10.143333333333336,5.681666666666668,4.128571428571429,325.5499999999998,329.2458333333332,330.58285714285705,3.563333333333335,3.396666666666665,3.218571428571427,-1.7891666666666668,0.2970833333333334,1.1780000000000002,3.261479259129167,2.3622890232217557,2.033660323309013,1.1494386700309345,1.8209559090066327
2024-04-14-07-55,1.3330000000000002,0.6020599913279624,3.18015301183863,2.238116732262457,1.883675338233904,0.9458095909490924,1.7,334.6,-2.23,-1.13,2.85,1.3330000000000002,1.3329999999999993,1.3329999999999989,1.5914533130151118,1.1462868142206455,1.2647756603903195,3.201153404161468,3.2074657223333465,3.2051362261829537,2.250072719633211,2.2355833160165406,2.2426996449758487,1.891143982151164,1.8719066752823332,1.8817570927332024,0.9404453894973616,0.927621820904354,0.9342529091323821,10.050000000000004,5.721666666666668,4.061111111111112,326.1416666666665,329.2916666666665,330.6944444444444,3.0400000000000023,3.185833333333332,3.0672222222222207,-1.845,0.12083333333333345,1.1138888888888892,3.243164598490681,2.3654434230344905,2.0181819843046718,1.1052890724739797,2.1633378143025785
2024-04-14-08-00,1.3330000000000002,2.073013995706065,3.1551036384842,2.206242613570776,1.8263616388482984,0.9518537526309604,1.47,329.6,-3.01,-2.17,2.93,1.3330000000000002,1.3329999999999993,1.3329999999999989,1.6449324807887182,1.2075765644030667,1.3056354938452672,3.1947147739236947,3.2050812443521584,3.2032883344822047,2.2471620525117477,2.2350102292703857,2.2412042050287067,1.8858545261606077,1.8708468033962369,1.879189148633756,0.9367785238203714,0.929107571951063,0.9340547160843216,9.992500000000003,5.752083333333332,4.081388888888889,326.6333333333332,329.1291666666665,330.586111111111,2.506666666666669,2.9424999999999986,2.9049999999999985,-1.955,-0.0987499999999999,0.9675,3.2191365500579905,2.3540120465149137,2.002048411739948,1.1314805622798272,1.4613541075145298
2024-04-14-08-05,1.3330000000000002,0.6020599913279624,3.133747096155393,2.157440710394727,1.8036878620976315,0.8834047112499167,2.04,334.1,-2.09,0.1,3.01,1.3330000000000002,1.3329999999999993,1.3329999999999989,1.5621786868501808,1.2075765644030667,1.2780181785662406,3.186246402336648,3.2018069104406024,3.200921870912937,2.2392229763850864,2.2324037298918955,2.2386570263889563,1.8758325604246984,1.8688421908121962,1.8765038496294213,0.934161504342968,0.927741279606895,0.9325430769161764,10.005000000000004,5.806249999999999,4.1175,327.48333333333323,329.15416666666647,330.60277777777765,1.9575000000000025,2.7374999999999985,2.768333333333332,-1.7408333333333337,-0.2237499999999999,0.8841666666666667,3.2140431415188484,2.3411152940261184,2.0117171055138345,1.096220443500649,1.8190472937286117
2024-04-14-08-10,1.3330000000000002,0.6020599913279624,3.0787290182016185,2.146320217913276,1.8162469656226417,0.97976469755883,2.04,334.1,-2.09,0.1,3.09,1.3330000000000002,1.3329999999999993,1.3329999999999989,1.4750546310492396,1.2075765644030667,1.2430926203934227,3.1733135294627326,3.1962401566143055,3.197211833397705,2.2298860402504714,2.2293338766600117,2.2354311899622026,1.8697925314756365,1.8673608742083636,1.8746179911531469,0.9378717370655812,0.9303899866922652,0.9334059955156412,10.017500000000004,5.860416666666665,4.15361111111111,328.3333333333332,329.17916666666656,330.6194444444444,1.4083333333333357,2.5324999999999984,2.631666666666665,-1.5266666666666666,-0.3487499999999999,0.8008333333333333,3.2050350085537613,2.3210165059864143,1.9724775873598823,1.114716661834028,1.9521116682907813
2024-04-14-08-15,1.3330000000000002,1.895597362464584,3.0651781599714214,2.1097111554972368,1.7754502307904867,0.9086000728383756,2.44,339.1,-2.0,0.3,3.17,1.3330000000000002,1.3329999999999993,1.3329999999999989,1.5174454462018012,1.2614739548670928,1.2609515979021608,3.1591049396853705,3.190108783695084,3.1932886189488965,2.2181647428774856,2.224738645827459,2.231584305229718,1.861063732906025,1.864179693653192,1.871680518170692,0.934232059169972,0.9300735010809495,0.9321046764456816,10.075833333333339,5.931249999999998,4.200833333333332,329.0999999999998,329.4124999999999,330.77499999999986,1.0216666666666692,2.3312499999999985,2.4974999999999983,-1.38,-0.4654166666666665,0.7230555555555555,3.196382052377668,2.3068088527731097,1.9949995936884524,1.1161890577954732,2.1755381428460576
2024-04-14-08-20,1.3330000000000002,1.7152589105087204,3.0442541635275084,2.138678841528208,1.8159388908820835,1.0150724816857,2.0,338.6,-3.11,0.93,3.25,1.3330000000000002,1.3329999999999993,1.3329999999999989,1.530646892024991,1.307857243166291,1.2633961442490351,3.1440749678550244,3.1831055775907,3.1888835772235264,2.2083079661518608,2.221350401912864,2.228006600714783,1.8530146399223568,1.862685540601836,1.8689893788370109,0.938213310388874,0.9341933658382726,0.934088893547674,10.09083333333334,5.983749999999998,4.235833333333332,330.2833333333332,329.62499999999994,330.91666666666663,0.4300000000000022,2.0837499999999984,2.3324999999999982,-1.1424999999999998,-0.5558333333333332,0.6627777777777777,3.1912872323483907,2.3330245213925767,1.9889578856930223,1.1303430950133737,1.285099612153145
2024-04-14-08-25,1.3330000000000002,1.8508342126445017,3.0902143385623067,2.2192600671626392,1.8728946005833007,1.0227923123419858,1.91,333.6,-3.1,0.92,3.34,1.3330000000000002,1.3329999999999993,1.3329999999999989,1.5087502448253671,1.3598895023878133,1.2588295117331565,3.1335892325601384,3.1780173787794315,3.185984417599616,2.201858420580822,2.2213197090663703,2.227277464306207,1.8493194723121584,1.863564542121364,1.8678980495170288,0.9439123779320692,0.938634890206274,0.9361177334144516,10.09833333333334,6.032499999999996,4.268333333333332,331.0499999999998,329.62916666666666,330.91944444444437,-0.16083333333333116,1.836666666666665,2.1677777777777765,-0.9058333333333332,-0.6466666666666665,0.6022222222222221,3.1969614116319485,2.325113402760173,2.0078098234042434,1.141310588133693,0.6020599913279624
2024-04-14-08-30,1.3330000000000002,1.5491414108674155,3.1090776483897296,2.183760167843684,1.810006306449728,0.9767940296983286,1.47,337.7,-1.49,0.36,3.42,1.3330000000000002,1.3329999999999993,1.3329999999999989,1.484267340900052,1.3993512282019571,1.255329426842656,3.127462019741893,3.1737151512109727,3.1836079151393433,2.1965908719998093,2.219809853748253,2.225278577320632,1.8393157142614829,1.8618231980519941,1.8652634561830792,0.9447619815176173,0.9411598194641234,0.9367700078549523,10.115000000000009,6.062916666666663,4.288611111111108,331.4499999999999,329.8041666666666,331.0361111111111,-0.6499999999999978,1.6566666666666652,2.0477777777777764,-0.63,-0.7608333333333333,0.5261111111111111,3.200633712322196,2.346210325403766,2.01136364054204,1.1246810740955593,2.188878340164405
2024-04-14-08-35,1.3330000000000002,2.060566263881296,3.0998637931607136,2.16109594370263,1.843094163470633,1.0982403263055314,1.59,340.6,-1.9,1.22,3.5,1.3330000000000002,1.3329999999999993,1.3329999999999989,1.5280478941717963,1.4601223228916795,1.2633855959172036,3.1231225266658296,3.169029013007972,3.181020503774393,2.185143240796671,2.2173556557575917,2.222580331699409,1.8354035055525801,1.8614605146918282,1.8640183268792003,0.9599206247032499,0.9487450110806059,0.9409944131097544,10.141666666666676,6.098333333333329,4.31222222222222,332.09166666666647,330.1,331.23333333333335,-1.1733333333333311,1.4595833333333317,1.916388888888888,-0.2825,-0.8391666666666667,0.4738888888888886,3.202493172811879,2.3495698091937185,2.0093582143460043,1.1431762867507032,1.84569862868508
2024-04-14-08-40,1.3330000000000002,1.8609190857759168,3.083114767496614,2.1825376271833177,1.887902348356157,1.0675971496309091,1.59,340.6,-1.9,1.22,3.58,1.3330000000000002,1.3329999999999993,1.3329999999999989,1.546105769819231,1.5125747851603444,1.2759826566450778,3.117197830616386,3.1636449987356334,3.1779884020392117,2.180459762024205,2.215794861245293,2.2205224187202437,1.8370735776847211,1.8629648390352251,1.863833701089624,0.9694443746858012,0.9550534036689796,0.9447026952443871,1.8008333333333404,6.047916666666663,4.335833333333332,335.6833333333332,330.46666666666664,331.4305555555556,-1.6949999999999978,1.194583333333332,1.7849999999999986,0.0625,-0.8379166666666668,0.4216666666666664,3.2014467683606767,2.3353618396129554,1.9996595800312764,1.1445619989102171,1.8029731099080148
2024-04-14-08-45,1.3330000000000002,1.6754936871250066,3.06678074688878,2.2092032381566176,1.895317389643945,1.0416623802564209,1.59,340.6,-1.9,1.22,3.66,1.3330000000000002,1.3329999999999993,1.3329999999999989,1.5485346399884767,1.5573011891518878,1.2759398423940684,3.107925275893201,3.1575804002713017,3.174678932047072,2.1808731586631103,2.2153451338568817,2.2191244080230637,1.841856187497646,1.8647781234322809,1.8637157431441984,0.9822135218086973,0.9602811808667492,0.9475371816174538,1.7933333333333403,6.015833333333329,4.359444444444442,336.3333333333332,330.7208333333333,331.62777777777785,-2.0224999999999977,0.9162499999999986,1.6536111111111098,0.295,-0.7858333333333335,0.36944444444444413,3.1909300755645216,2.34466724412474,2.0454006726516925,1.1916786969229662,1.987879831513036
2024-04-14-08-50,1.3330000000000002,1.9663144252519718,3.0563027665261475,2.222886393698774,1.9113057718976711,1.0861419876368419,1.61,339.5,-2.7,1.8,3.74,1.3330000000000002,1.3329999999999993,1.3329999999999989,1.5377766106841138,1.6141451238987214,1.3138357988919576,3.0968765957669238,3.1510792192918604,3.170938652708278,2.1812711424095292,2.215465537949393,2.21802618437463,1.8451567922397067,1.8672575904232411,1.863892256988154,0.9981444577319076,0.9673622750387032,0.9516581783046876,1.7875000000000068,5.965416666666663,4.383611111111109,336.8916666666665,331.2208333333333,331.7944444444445,-2.2933333333333312,0.6349999999999986,1.499999999999999,0.4058333333333333,-0.6916666666666668,0.33333333333333315,3.1846847779712704,2.3623274361501374,2.0796861912673807,1.1715610420217446,2.090802331980021
2024-04-14-08-55,1.3330000000000002,0.6020599913279624,3.0811564841545267,2.2713275298812796,1.9047894159376282,1.0784711832748843,1.61,339.5,-2.7,1.8,3.83,1.3330000000000002,1.3329999999999993,1.3329999999999989,1.5377766106841138,1.5646149618496128,1.2767834130418023,3.088626885126581,3.1448901446440227,3.167852776597757,2.184038708877764,2.2170557142554883,2.2184017803036142,1.8469162987150172,1.8690301404330905,1.8635765497598944,1.0091995904257234,0.974822489961543,0.95481441074481,1.7800000000000071,5.9149999999999965,4.407777777777776,337.2999999999998,331.7208333333333,331.9611111111111,-2.332499999999998,0.3537499999999986,1.3463888888888875,0.65,-0.5975,0.29722222222222205,3.19112629038287,2.3525091116351127,2.059378313149446,1.208372659384925,1.9221114545890536
2024-04-14-09-00,1.3330000000000002,1.2088459076308398,3.109186590318613,2.2760138604906497,1.935142738389752,1.0818555065829576,1.61,339.5,-0.7,3.37,3.91,1.3330000000000002,1.3329999999999993,1.3329999999999989,1.4657626033445113,1.5553475420666147,1.293638577383549,3.084800464446116,3.1397576191849037,3.164987651050143,2.1898529794544204,2.218507515983085,2.2199578126650628,1.855981390343472,1.8709179582520392,1.8658916657119813,1.0200330699217233,0.9784057968710478,0.9594160712746158,1.7916666666666738,5.892083333333331,4.431944444444444,338.1249999999999,332.37916666666666,332.12777777777785,-2.139999999999997,0.18333333333333196,1.2483333333333322,1.1116666666666666,-0.4216666666666665,0.3047222222222221,3.184481643852608,2.3773247801617643,2.073130795527261,1.2653843245643042,2.2051356363641585
2024-04-14-09-05,1.3330000000000002,1.5636399186750924,3.122338574417277,2.2853161017684327,1.9527277806801804,1.0815560776201425,50.46,378.5,-3.59,0.41,3.99,1.3330000000000002,1.3329999999999993,1.3329999999999989,1.5458942639567723,1.5540364754034766,1.3203491309209694,3.0838497543012733,3.1350480783189583,3.1624878583941585,2.200509262068896,2.219866119226992,2.221772240617561,1.868401383558684,1.8721169719916908,1.8686952550610247,1.0365456837859088,0.9853535940644388,0.9640094143332322,5.826666666666673,7.915833333333333,5.813055555555554,341.8249999999998,334.65416666666664,333.37777777777785,-2.264999999999997,-0.1537500000000014,1.0699999999999987,1.1375,-0.3016666666666666,0.22999999999999984,3.1951471409436762,2.4258838677061823,2.1224047387373632,1.2054292350320142,2.169538253777888
2024-04-14-09-10,1.3330000000000002,1.6036204072515958,3.1363555814520887,2.2960069642852936,1.9592808016803769,1.0654123783876113,1.89,347.6,-2.89,1.89,4.07,1.3330000000000002,1.3329999999999993,1.3329999999999989,1.6293576319504084,1.552206131499824,1.348170253585515,3.0886519679054785,3.1309827486841035,3.160377427044696,2.212983157599897,2.2214345989251854,2.223883636973305,1.8803208698968288,1.8750567006862324,1.8716808727711851,1.0436829905216405,0.9907773637936114,0.968154321302056,5.814166666666673,7.915833333333333,5.844999999999998,342.9499999999998,335.64166666666665,333.76944444444445,-2.3316666666666643,-0.4616666666666681,0.91111111111111,1.2866666666666668,-0.11999999999999995,0.19638888888888875,3.1914736661286733,2.4484835454337794,2.1291662751526683,1.2559582522161008,2.2541265448034054
2024-04-14-09-15,1.3330000000000002,1.8633943420622552,3.1576941062424217,2.303756172360828,1.9570074135257824,1.0870456591361313,1.89,347.6,-2.89,1.89,4.15,1.3330000000000002,1.3329999999999993,1.3329999999999989,1.6266740469168808,1.5720597465593409,1.3832073188836895,3.0963616300947283,3.1277332848900468,3.1588597324949648,2.2291535756718632,2.2236591592746757,2.2262102891089257,1.8954506351247702,1.8782571840153968,1.8746033408103842,1.0585534560464536,0.9963927576082132,0.9729001527361169,5.768333333333341,7.92208333333333,5.876944444444442,343.6583333333332,336.37916666666666,334.1611111111112,-2.405833333333331,-0.6920833333333348,0.7522222222222209,1.419166666666667,0.019583333333333387,0.16277777777777766,3.1833847916363136,2.4470989067245545,2.124968340863521,1.2907272398514955,2.0654382210140323
2024-04-14-09-20,1.3330000000000002,1.964248506227026,3.1868828397570765,2.3105754720373284,1.954728534631314,1.0791656796730391,1.89,347.6,-2.89,1.89,4.23,1.3330000000000002,1.3329999999999993,1.3329999999999989,1.6474231798934065,1.5890350359591991,1.4210458887419968,3.1082473531138586,3.12616116048444,3.1581528360984183,2.243478294880956,2.2258931305164094,2.22872636623556,1.9070164387705395,1.880015539346448,1.87746250665807,1.0638945558787318,1.0010539331338033,0.977427095851758,5.759166666666673,7.924999999999998,5.908888888888884,344.4083333333332,337.34583333333336,334.5527777777778,-2.387499999999998,-0.9787500000000016,0.5933333333333322,1.4991666666666668,0.17833333333333334,0.12916666666666654,3.1783155888536965,2.4512076678720223,2.1098298397731834,1.2518243251880452,2.0752231294774868
2024-04-14-09-25,1.3330000000000002,1.8155288145961788,3.2206252139747,2.3316018446162063,2.0057726448117776,1.0925078214287156,1.98,344.0,-0.98,0.44,4.32,1.3330000000000002,1.3329999999999993,1.3329999999999989,1.6444810633893796,1.5766156541073733,1.4547533560550028,3.1191149260648916,3.126352079312513,3.1583832278745843,2.2528401096687536,2.2273492651247886,2.231826509267163,1.9180896091229125,1.8837045407175348,1.8817395644552135,1.0697041816359592,1.0068082797840148,0.9823246540161682,5.765000000000009,7.931666666666664,5.943333333333329,345.27499999999986,338.16250000000014,334.8444444444445,-2.210833333333331,-1.1858333333333348,0.4874999999999987,1.4591666666666667,0.2766666666666667,0.05527777777777765,3.1839744857652814,2.4167784042958176,2.1181558571574186,1.2841073629600501,2.3664120121666365
2024-04-14-09-30,1.3330000000000002,2.1006127242248653,3.249474989833007,2.331201895676339,1.980449047199765,1.0915021750404723,1.98,344.0,-0.98,0.44,4.4,1.3330000000000002,1.3329999999999993,1.3329999999999989,1.690437006169167,1.5873521735346092,1.4963798208576946,3.130814704518498,3.1291383621301936,3.1594150023134806,2.265126920321475,2.2308588961606426,2.234915542605992,1.9322931708520819,1.8858044425567821,1.8853131889853567,1.0792631937478046,1.0120125876327113,0.9871942775586828,5.807500000000008,7.961249999999996,5.9777777777777725,345.79999999999984,338.62500000000006,335.1361111111112,-2.1683333333333312,-1.4091666666666682,0.3816666666666654,1.4658333333333335,0.4179166666666667,-0.018611111111111245,3.2021595628549666,2.4190560911215444,2.1551403867150523,1.3019328702608384,2.4246949497273262
2024-04-14-09-35,1.3330000000000002,1.7139064804703528,3.2478070926382805,2.3370340234260807,1.985567608323791,1.1059771560672156,1.98,344.0,-0.98,0.44,4.48,1.3330000000000002,1.3329999999999993,1.3329999999999989,1.6615486908849215,1.5947982925283588,1.5272644455560942,3.1431433128082955,3.133132919737061,3.1604004462747457,2.279788426965096,2.2324658338808843,2.238166579493425,1.9441659579231787,1.8897847317378789,1.8890289957689452,1.0799079295612783,1.0199142771322645,0.9924659839074956,5.840000000000009,7.990833333333327,6.012222222222217,346.08333333333314,339.0875000000001,335.4277777777778,-2.091666666666665,-1.6325000000000014,0.27583333333333204,1.4008333333333338,0.5591666666666667,-0.09250000000000014,3.228125893947522,2.456165097056586,2.171215375658018,1.292451543550152,2.2976109565227008
2024-04-14-09-40,1.3330000000000002,1.0867784485468217,3.2597068625624352,2.3380582161921133,2.0039648561308314,1.139818972771665,1.98,344.0,-0.98,0.44,4.56,1.3330000000000002,1.3329999999999993,1.3329999999999989,1.5970369711158308,1.5715713704675311,1.5407288471455067,3.1578593207304477,3.137528575673416,3.1617164394005717,2.2927484760491623,2.236604119036684,2.2414460661799143,1.953837833571068,1.895455705627894,1.8932558372138402,1.085926414823008,1.0276853947544051,0.9986777407203212,5.8725000000000085,3.836666666666661,5.9894444444444375,346.3666666666664,341.0250000000001,335.76666666666665,-2.0149999999999983,-1.855000000000001,0.12472222222222093,1.335833333333334,0.6991666666666667,-0.11333333333333348,3.2319357367800405,2.4769026917864183,2.1744992360921773,1.3035043006301985,2.364965867172616
2024-04-14-09-45,1.3330000000000002,1.8327690831505048,3.266274628816102,2.3368181969547743,2.028674626037734,1.1151456945889011,1.98,344.0,-0.98,0.44,4.64,1.3330000000000002,1.3329999999999993,1.3329999999999989,1.6101432541179561,1.5793389470532162,1.5749152108072442,3.1744838108910574,3.1412045433921283,3.163214870477886,2.3033830559490083,2.2421281073060597,2.2446911078875877,1.9649509366038842,1.9034035620507643,1.8981690611561488,1.0920500243507143,1.0371317730797065,1.0042041286947363,5.905000000000008,3.849166666666661,5.978888888888882,346.6499999999997,341.4916666666668,336.0305555555556,-1.938333333333332,-1.980416666666668,-0.03527777777777909,1.270833333333334,0.7829166666666668,-0.10027777777777794,3.224338601098672,2.468051773409832,2.142513877596344,1.3176522146242513,2.281683383288301
2024-04-14-09-50,1.3330000000000002,1.8209559090066327,3.261479259129167,2.3622890232217557,2.033660323309013,1.1494386700309345,2.26,347.0,-0.62,0.65,4.72,1.3330000000000002,1.3329999999999993,1.3329999999999989,1.5980300444308442,1.5679033275574792,1.6087734307427628,3.1915818519413093,3.144229223854115,3.1645800968416764,2.31499994174259,2.24813554207606,2.2486436725471237,1.975147149221496,1.9101519707306005,1.9032207766893263,1.0973247478835555,1.0477346028077321,1.0106830993203193,5.9591666666666745,3.873333333333328,5.963333333333327,347.2749999999997,342.0833333333335,336.5722222222223,-1.7649999999999986,-2.029166666666668,-0.1650000000000013,1.1750000000000007,0.7904166666666668,-0.0694444444444446,3.2596461320228265,2.467059235312408,2.1703637472948443,1.320705154443162,2.3297934452994675
2024-04-14-09-55,1.3330000000000002,2.1633378143025785,3.243164598490681,2.3654434230344905,2.0181819843046718,1.1052890724739797,0.88,353.1,-0.21,0.03,4.81,1.3330000000000002,1.3329999999999993,1.3329999999999989,1.7281365296787288,1.6329565701814213,1.6191221511259852,3.2050825281359887,3.146854706631284,3.1649542724746773,2.322842932838691,2.253440820858228,2.2523181204498868,1.9845965299187496,1.9157564143168824,1.907552270261644,1.09955957198348,1.0543795812046022,1.0164015173021872,5.8983333333333405,3.8391666666666606,5.909444444444437,348.40833333333313,342.8541666666668,337.28333333333336,-1.5574999999999986,-1.9450000000000007,-0.28333333333333466,1.0275000000000003,0.8387500000000001,-0.0558333333333335,3.2851786536792384,2.4626348074296565,2.19136258832383,1.3250996805523083,2.480582961420513
2024-04-14-10-00,1.3330000000000002,1.4613541075145298,3.2191365500579905,2.3540120465149137,2.002048411739948,1.1314805622798272,1.11,344.9,1.07,0.65,4.89,1.3330000000000002,1.3329999999999993,1.3329999999999989,1.7491788796690366,1.6074707415067742,1.619957987934089,3.2142450247809364,3.1495227446135248,3.1645867543835813,2.3293427816740464,2.259597880564234,2.255452604546736,1.9901720026979328,1.9230766965207011,1.910669306400671,1.1036949932915527,1.0618640316066383,1.020168862344548,5.8566666666666745,3.824166666666661,5.880277777777772,348.85833333333306,343.4916666666668,337.87222222222226,-1.4099999999999986,-1.7750000000000012,-0.3477777777777791,0.8008333333333338,0.9562500000000002,-0.014166666666666838,3.3042957558805566,2.4781623585416157,2.194134944955956,1.3686480943410992,2.2975495036805897
2024-04-14-10-05,1.3330000000000002,1.8190472937286117,3.2140431415188484,2.3411152940261184,2.0117171055138345,1.096220443500649,1.11,344.9,-0.38,0.6,4.97,1.3330000000000002,1.3329999999999993,1.3329999999999989,1.770462827590163,1.6581785457734677,1.626178592799039,3.2218870720394017,3.1528684131703355,3.163994409559105,2.3339927143621866,2.2672509882155416,2.257908317605388,1.995087779767404,1.9317445816630432,1.9131072412502623,1.1049170237815948,1.0707313537837522,1.0252080706368227,1.7441666666666749,3.7854166666666607,5.858611111111107,346.058333333333,343.9416666666668,338.45555555555563,-1.1424999999999983,-1.7037500000000012,-0.4833333333333346,0.8166666666666672,0.9770833333333334,0.07111111111111096,3.3138372121169093,2.4945531240484997,2.2498112125084897,1.3508557947769215,2.392560156548876
2024-04-14-10-10,1.3330000000000002,1.9521116682907813,3.2050350085537613,2.3210165059864143,1.9724775873598823,1.114716661834028,1.11,344.9,-0.38,0.6,5.05,1.3330000000000002,1.3329999999999993,1.3329999999999989,1.7995037660100952,1.7144306989802518,1.6346386763365814,3.227610357631207,3.158131162768342,3.1631919516664717,2.33607684283728,2.274530000218589,2.2596486802292146,1.9961875119073624,1.9382541909020947,1.9154336377599428,1.1090257140687962,1.0763543522952186,1.030193480552005,1.679166666666675,3.746666666666661,5.8369444444444385,345.833333333333,344.3916666666667,339.03888888888895,-0.933333333333332,-1.6325000000000014,-0.6188888888888902,0.7091666666666671,0.9979166666666668,0.15638888888888874,3.2989489447486937,2.5541052455058186,2.2231937357912543,1.3771489985271856,2.3919835162223584
2024-04-14-10-15,1.3330000000000002,2.1755381428460576,3.196382052377668,2.3068088527731097,1.9949995936884524,1.1161890577954732,1.09,341.8,0.26,-0.42,5.13,1.3330000000000002,1.3329999999999993,1.3329999999999989,1.8255157494087455,1.7260948981628133,1.6565450808424762,3.230834353142477,3.163597991618602,3.1621003076408574,2.336331232871637,2.2827424042717506,2.261216517140328,1.9993535269209182,1.9474020810228432,1.918622631650571,1.1114543306237412,1.0850038933350976,1.0347466152800546,1.612500000000008,3.690416666666661,5.818888888888884,345.3499999999996,344.50416666666666,339.3694444444445,-0.6708333333333321,-1.5383333333333349,-0.6850000000000013,0.5166666666666672,0.9679166666666666,0.1852777777777776,3.2780323684411345,2.535590891886707,2.237428796904496,1.386538704168755,2.467262968053674
2024-04-14-10-20,1.3330000000000002,1.285099612153145,3.1912872323483907,2.3330245213925767,1.9889578856930223,1.1303430950133737,1.09,341.8,0.26,-0.42,5.21,1.3330000000000002,1.3329999999999993,1.3329999999999989,1.7689200082359224,1.7081715940646642,1.6489966933847735,3.2312013858584208,3.1697243694861386,3.161174568942433,2.3382019869845743,2.2908401409327657,2.2633294160057957,2.002205972842727,1.9546112058066327,1.920745683845208,1.1157191152354358,1.089806835557084,1.039275660501013,1.5458333333333414,3.6524999999999936,5.798611111111107,344.86666666666633,344.6375,339.8527777777778,-0.4083333333333319,-1.3979166666666685,-0.7886111111111123,0.3241666666666672,0.9116666666666666,0.2269444444444443,3.2435910765387663,2.5324403763524765,2.2106508436331587,1.3687756809237646,2.4281277715338003
2024-04-14-10-25,1.3330000000000002,0.6020599913279624,3.1969614116319485,2.325113402760173,2.0078098234042434,1.141310588133693,1.28,350.3,-0.03,0.7,5.3,1.3330000000000002,1.3329999999999993,1.3329999999999989,1.6677976062969044,1.6561393348431417,1.6070096381705508,3.229229402329858,3.1741721641973735,3.1606445203182947,2.3376612834965718,2.295250696582663,2.264119937915381,2.0023757377254325,1.9602326734241717,1.9232616063868344,1.1197860124608503,1.0947450970484052,1.0444675240096253,1.487500000000008,3.6262499999999935,5.783611111111107,345.39166666666625,345.33333333333326,340.57222222222225,-0.3291666666666652,-1.2700000000000016,-0.9002777777777791,0.3458333333333338,0.9025,0.2997222222222221,3.2199641586683025,2.5167751235132503,2.223017668189416,1.3973611026794437,2.238491364831155
2024-04-14-10-30,1.3330000000000002,2.188878340164405,3.200633712322196,2.346210325403766,2.01136364054204,1.1246810740955593,1.28,353.5,1.39,-1.33,5.38,1.3330000000000002,1.3329999999999993,1.3329999999999989,1.675153074291866,1.6827950402305163,1.6166191404536954,3.225159295870624,3.1779870001945603,3.1611453400436713,2.338911985973857,2.302019453147666,2.266876592765046,2.004951953837289,1.9686225623446847,1.9255202796502848,1.122550920715441,1.100907057231623,1.0488586986602868,1.429166666666675,3.618333333333328,5.7838888888888835,346.1833333333329,345.99166666666656,341.14444444444445,-0.13166666666666524,-1.1500000000000017,-0.9833333333333348,0.1983333333333338,0.8320833333333333,0.34472222222222204,3.2111488734018048,2.5248386742907147,2.2575100528405527,1.4014276388469642,2.4476187287261864
2024-04-14-10-35,1.3330000000000002,1.84569862868508,3.202493172811879,2.3495698091937185,2.0093582143460043,1.1431762867507032,1.41,355.3,2.35,-1.21,5.46,1.3330000000000002,1.3329999999999993,1.3329999999999989,1.6861357533097598,1.6738422220973408,1.6252441127888264,3.2213831358850897,3.1822632243466926,3.1625496584530715,2.3399566347878267,2.309872530876462,2.2682961008498634,2.0069345043391396,1.9755502311311584,1.9288346559383005,1.1256508482723984,1.1027793889168385,1.055159800845641,1.3816666666666748,3.6108333333333267,5.787777777777772,347.1249999999996,346.6041666666665,341.76666666666665,0.1458333333333348,-0.9729166666666684,-1.0397222222222235,0.060833333333333815,0.7308333333333333,0.3930555555555553,3.2110498495541573,2.541720554770773,2.264255008163264,1.3862505661272475,2.4643155782173847
2024-04-14-10-40,1.3330000000000002,1.8029731099080148,3.2014467683606767,2.3353618396129554,1.9996595800312764,1.1445619989102171,1.73,357.3,2.25,-1.58,5.54,1.3330000000000002,1.3329999999999993,1.3329999999999989,1.7458186417565258,1.671427806436178,1.6296537942305298,3.216528128034944,3.1871937243826958,3.1638617597939254,2.3397319367395637,2.3162402063943635,2.270980058270976,2.006575731330844,1.9802067824509555,1.932495714195545,1.1260461004506108,1.1059862576368096,1.0604722966531392,1.3608333333333416,3.616666666666661,3.0113888888888836,348.2333333333329,347.29999999999984,343.42777777777775,0.4150000000000015,-0.8000000000000017,-1.0983333333333347,-0.10749999999999953,0.6141666666666666,0.4302777777777776,3.193421513762814,2.5482358965091905,2.252319041176784,1.4030428063876874,2.400333603750555
2024-04-14-10-45,1.3330000000000002,1.987879831513036,3.1909300755645216,2.34466724412474,2.0454006726516925,1.1916786969229662,1.59,353.5,0.89,-2.52,5.62,1.3330000000000002,1.3329999999999993,1.3329999999999989,1.7587445374534034,1.684443895785679,1.639140810519946,3.2102494152639784,3.1923666130775183,3.1642195006827456,2.340386024003727,2.3218845399763683,2.27488074620528,2.0079695685486736,1.9864602525762785,1.9382588975500683,1.1324238506451163,1.1122369374979155,1.0688957989348418,1.3283333333333414,3.616666666666661,3.0088888888888836,349.02499999999964,347.83749999999986,344.0027777777778,0.5708333333333347,-0.6837500000000017,-1.1300000000000014,-0.35416666666666624,0.4583333333333333,0.4038888888888887,3.2104603258769067,2.5492749510281936,2.2349963582833823,1.3947936617836718,2.3511360487521515
2024-04-14-10-50,1.3330000000000002,2.090802331980021,3.1846847779712704,2.3623274361501374,2.0796861912673807,1.1715610420217446,1.03,350.0,-4.02,-3.16,5.71,1.3330000000000002,1.3329999999999993,1.3329999999999989,1.7812317393678525,1.689630891899348,1.6390127981609373,3.2038498751674878,3.1977158635543983,3.1641027742919063,2.3403892250810925,2.3276945834118417,2.2788867697444024,2.011805057545204,1.9934761033833488,1.9440363330021364,1.134267381644351,1.1157960647639529,1.0765788624199368,1.2258333333333415,3.5924999999999936,2.9908333333333275,349.27499999999964,348.27499999999986,344.48055555555567,0.2875000000000015,-0.7387500000000018,-1.2569444444444455,-0.6716666666666663,0.2516666666666666,0.3030555555555553,3.236220042913482,2.555969339098197,2.2408867034954034,1.3860002126866682,1.9172310393379088
2024-04-14-10-55,1.3330000000000002,1.9221114545890536,3.19112629038287,2.3525091116351127,2.059378313149446,1.208372659384925,1.03,350.0,-4.02,-3.16,5.79,1.3330000000000002,1.3329999999999993,1.3329999999999989,1.7611295427250588,1.7446330362018934,1.6756808943626342,3.1995133494918364,3.202297938813912,3.164407587584802,2.33931136579781,2.331077149318252,2.282064335838088,2.015238084948935,1.9999173074338417,1.9489169711942351,1.1428576805535962,1.121208626268538,1.0838722809875991,1.2383333333333415,3.568333333333328,2.972222222222216,349.01666666666625,348.71249999999986,344.90833333333336,-0.029999999999998476,-0.7937500000000018,-1.3066666666666678,-0.9374999999999996,0.04499999999999992,0.24666666666666645,3.260193304136364,2.54065736842124,2.2555863551031754,1.4081041462865749,2.443504876183144
2024-04-14-11-00,1.3330000000000002,2.2051356363641585,3.184481643852608,2.3773247801617643,2.073130795527261,1.2653843245643042,1.66,349.7,-3.03,-0.15,5.87,1.3330000000000002,1.3329999999999993,1.3329999999999989,1.823111336795861,1.7861451082324484,1.6793509399364703,3.1966254406413883,3.205435232711162,3.16522364328948,2.341254093601715,2.3352984376378814,2.286816618243393,2.021161616931211,2.005666809814571,1.955771669990873,1.154016327410636,1.1288556603510942,1.0925814635413031,1.284166666666675,3.570416666666661,2.9774999999999934,349.41666666666634,349.1374999999999,345.4666666666667,-0.3716666666666651,-0.8908333333333353,-1.3072222222222234,-1.0041666666666662,-0.10166666666666677,0.30277777777777753,3.2773779593292387,2.5385153311355864,2.2754903293602977,1.4186871061619846,2.473644960063936
2024-04-14-11-05,1.3330000000000002,2.169538253777888,3.1951471409436762,2.4258838677061823,2.1224047387373632,1.2054292350320142,1.66,349.7,-3.03,-0.15,5.95,1.3330000000000002,1.3329999999999993,1.3329999999999989,1.8523189167999672,1.8113908721950651,1.7228920027823014,3.19505077392679,3.208468922983096,3.1669292000891542,2.3483181414083867,2.341155427885288,2.2942733726131554,2.030385586366505,2.012736683066954,1.964624916564199,1.1631170600382497,1.1340170419099225,1.1015265892019168,1.330000000000008,1.5370833333333271,2.9669444444444384,349.8166666666663,347.93749999999983,345.9000000000001,-0.5924999999999984,-0.8675000000000019,-1.3333333333333346,-1.0666666666666662,-0.12500000000000008,0.2958333333333331,3.3049591740768256,2.5556062754335835,2.2895528641961564,1.4209948125509504,2.367866169785125
2024-04-14-11-10,1.3330000000000002,2.2541265448034054,3.1914736661286733,2.4484835454337794,2.1291662751526683,1.2559582522161008,1.19,356.8,-3.07,1.38,6.04,1.3330000000000002,1.3329999999999993,1.3329999999999989,1.8774868231760191,1.8384952945930568,1.7687827403788414,3.1939206620580323,3.21076550984462,3.1700609958649064,2.3589403946956677,2.3475086187664744,2.3026667983776137,2.0434429770159044,2.019815244461633,1.9733171196067,1.174887192570089,1.1419564533194426,1.1091986323868412,1.3366666666666749,1.5079166666666604,2.9433333333333267,350.808333333333,348.3208333333332,346.5305555555556,-0.8166666666666651,-0.8750000000000019,-1.3605555555555569,-1.0016666666666665,-0.1462500000000001,0.3313888888888886,3.319045031179622,2.5700973970541434,2.278143820641183,1.43056121000081,2.2912734830617394
2024-04-14-11-15,1.3330000000000002,2.0654382210140323,3.1833847916363136,2.4470989067245545,2.124968340863521,1.2907272398514955,1.19,356.8,-3.07,1.38,6.12,1.3330000000000002,1.3329999999999993,1.3329999999999989,1.8683118296900167,1.8469137895493808,1.773500542005215,3.192837556996253,3.2118359550693656,3.1733445134111538,2.370631232524955,2.353481232698297,2.3120386803561503,2.0542737059471596,2.0268136164340387,1.983025955997617,1.1894320410747576,1.1504431858492494,1.1198132759149837,1.3450000000000084,1.4787499999999936,2.9086111111111053,352.058333333333,348.7041666666664,347.02222222222224,-1.0941666666666652,-0.8825000000000021,-1.390277777777779,-0.8516666666666661,-0.1675000000000001,0.3613888888888887,3.329773908147556,2.587090958934988,2.2813996647986214,1.4419921858466755,2.4298548479195983
2024-04-14-11-20,1.3330000000000002,2.0752231294774868,3.1783155888536965,2.4512076678720223,2.1098298397731834,1.2518243251880452,1.19,356.8,-3.07,1.38,6.2,1.3330000000000002,1.3329999999999993,1.3329999999999989,1.934155456133712,1.851537732184817,1.7834995480876807,3.191756586705029,3.2114789862817243,3.177068441892436,2.3804798280649084,2.3593409075247416,2.3207200366434786,2.0643463687871733,2.03327617081495,1.991189593466815,1.1995554769226469,1.157637296079041,1.1263897160122711,1.3533333333333415,1.4495833333333268,2.8861111111111044,353.308333333333,349.0874999999997,347.5277777777777,-1.371666666666665,-0.8900000000000019,-1.389166666666668,-0.7016666666666661,-0.18875000000000008,0.3738888888888886,3.3295251450859924,2.589113034690934,2.27851053836586,1.4351502607766795,2.5382638046357884
2024-04-14-11-25,1.3330000000000002,2.3664120121666365,3.1839744857652814,2.4167784042958176,2.1181558571574186,1.2841073629600501,1.17,358.1,-2.64,1.03,6.28,1.3330000000000002,1.3329999999999993,1.3329999999999989,2.0811847912036017,1.8744911987502528,1.7978211536299622,3.1906743428828066,3.2099518726063323,3.1796728904258518,2.388118578192879,2.3628899308447258,2.3262066571194,2.073541871599938,2.037958804662685,1.9980024061494293,1.2114552081581766,1.1656206103095137,1.1336484674183285,1.3441666666666752,1.4158333333333268,2.8655555555555488,353.95833333333303,349.67499999999967,348.20833333333326,-1.5891666666666648,-0.9591666666666686,-1.3763888888888902,-0.674166666666666,-0.16416666666666674,0.37694444444444414,3.3335478304300827,2.5956781350099387,2.295977499653133,1.4447573854335232,2.5257990539176483
2024-04-14-11-30,1.3330000000000002,2.4246949497273262,3.2021595628549666,2.4190560911215444,2.1551403867150523,1.3019328702608384,1.25,350.1,-3.66,0.1,6.37,1.3330000000000002,1.3329999999999993,1.3329999999999989,2.100836175333845,1.8879946248128552,1.82214208526496,3.1908014970938714,3.207980396482247,3.1822584991609975,2.3941890586693604,2.3665505223216097,2.332742654988229,2.0855232671143558,2.0452376104758216,2.0075894639345773,1.22622619117195,1.1743885559436955,1.1426801018783979,1.341666666666675,1.3854166666666603,2.859444444444438,353.67499999999967,349.9291666666664,348.5527777777777,-2.0099999999999985,-1.0708333333333353,-1.4366666666666683,-0.5549999999999994,-0.17833333333333345,0.369722222222222,3.3355229823914376,2.591597788610699,2.301472242378092,1.4515660499614895,2.39890697548218
2024-04-14-11-35,1.3330000000000002,2.2976109565227008,3.228125893947522,2.456165097056586,2.171215375658018,1.292451543550152,1.25,350.1,-3.66,0.1,6.45,1.3330000000000002,1.3329999999999993,1.3329999999999989,2.13849553598698,1.9123156446483696,1.8287266600605545,3.1929375571885084,3.2071603465367993,3.185821335293964,2.4030719993245997,2.371514317056214,2.3409390203591727,2.0990113638903565,2.052972934114748,2.016703942050893,1.2386657959052372,1.182158322088818,1.148074857912971,1.3283333333333418,1.354999999999994,2.849999999999993,353.2416666666664,350.1833333333331,348.81666666666666,-2.510833333333332,-1.182500000000002,-1.485555555555557,-0.4458333333333328,-0.1925000000000001,0.3386111111111108,3.328023588639014,2.578821644909035,2.3030059154331286,1.4429118336674467,2.3846003709595944
2024-04-14-11-40,1.3330000000000002,2.364965867172616,3.2319357367800405,2.4769026917864183,2.1744992360921773,1.3035043006301985,1.23,353.7,-3.9,-1.49,6.53,1.3330000000000002,1.3329999999999993,1.3329999999999989,2.1853282657590296,1.9655734537577776,1.842727959543796,3.1954783045567883,3.2060032162958656,3.189955251107393,2.4148670703390547,2.37729950353931,2.3491158277092588,2.113581335228765,2.060078533279804,2.024664966710227,1.2519109877152357,1.1889785440829237,1.154627834329618,1.286666666666675,1.3237499999999938,2.8399999999999936,352.94166666666644,350.58749999999986,349.1805555555555,-3.023333333333332,-1.3041666666666685,-1.5411111111111129,-0.4383333333333328,-0.2729166666666668,0.26333333333333303,3.3213949710973325,2.5796739614259008,2.2926774468066435,1.4648500652997904,2.5836899872035684
2024-04-14-11-45,1.3330000000000002,2.281683383288301,3.224338601098672,2.468051773409832,2.142513877596344,1.3176522146242513,1.23,357.7,-3.58,-2.18,6.61,1.3330000000000002,1.3329999999999993,1.3329999999999989,2.2098118950736345,1.9842782162635195,1.8595665622149984,3.1982623483513017,3.2042558818076388,3.1943318581687787,2.4251491144461457,2.3827675692249373,2.3563060647996257,2.121674102307486,2.0648218354280794,2.031531535820016,1.2624087808570092,1.1974163157510629,1.1622942186176133,1.256666666666675,1.2924999999999938,2.8299999999999934,353.2916666666664,351.1583333333332,349.6555555555555,-3.395833333333332,-1.412500000000002,-1.5877777777777793,-0.4099999999999995,-0.3820833333333335,0.16888888888888856,3.3130385811945016,2.5860327711055704,2.288124410718252,1.4592342554037614,2.5287881054832195
2024-04-14-11-50,1.3330000000000002,2.3297934452994675,3.2596461320228265,2.467059235312408,2.1703637472948443,1.320705154443162,1.43,352.2,-3.16,-1.8,6.7,1.3330000000000002,1.3329999999999993,1.3329999999999989,2.2297278211835887,2.0054797802757207,1.8696632016607624,3.2045091278555966,3.204179501511541,3.1999802849881314,2.433876764376335,2.3871329947287143,2.3630886437333376,2.1292305653097743,2.070517811427489,2.03872759069216,1.2748374568921272,1.204552419268239,1.1688098621400111,1.2900000000000085,1.2579166666666606,2.8249999999999935,353.4749999999997,351.37499999999983,350.00833333333327,-3.3241666666666654,-1.5183333333333353,-1.6005555555555568,-0.2966666666666662,-0.4841666666666669,0.06888888888888857,3.3176627381397297,2.5976261009790482,2.306399795860296,1.4481428881549534,2.5847413405198267
2024-04-14-11-55,1.3330000000000002,2.480582961420513,3.2851786536792384,2.4626348074296565,2.19136258832383,1.3250996805523083,1.87,350.9,-0.63,-4.02,6.78,1.3330000000000002,1.3329999999999993,1.3329999999999989,2.276267113419544,2.018698328072301,1.9218443952744442,3.2123468247969615,3.2059300871443983,3.2056475674749283,2.443053905692547,2.39118263574518,2.3684027347763483,2.14022925490764,2.077733669928287,2.046687956591776,1.284564708656076,1.2137111946048362,1.1756606537310506,1.3600000000000083,1.2991666666666606,2.832222222222216,353.54999999999967,351.2833333333332,350.325,-3.0416666666666656,-1.5358333333333354,-1.543055555555557,-0.3683333333333328,-0.6529166666666668,-0.09277777777777807,3.3267524247855573,2.593239068237845,2.3024709213860053,1.4601180862291867,2.498405506617688
